crimes,temp,type
26,-16,ASSAULT
83,-16,BATTERY
15,-16,BURGLARY
2,-16,"CONCEALED CARRY LICENSE VIOLATION"
4,-16,"CRIM SEXUAL ASSAULT"
24,-16,"CRIMINAL DAMAGE"
6,-16,"CRIMINAL TRESPASS"
21,-16,"DECEPTIVE PRACTICE"
1,-16,"INTERFERENCE WITH PUBLIC OFFICER"
24,-16,"MOTOR VEHICLE THEFT"
9,-16,NARCOTICS
1,-16,"OFFENSE INVOLVING CHILDREN"
36,-16,"OTHER OFFENSE"
10,-16,ROBBERY
4,-16,"SEX OFFENSE"
1,-16,STALKING
59,-16,THEFT
4,-16,"WEAPONS VIOLATION"
42,-10,ASSAULT
81,-10,BATTERY
7,-10,BURGLARY
4,-10,"CRIM SEXUAL ASSAULT"
44,-10,"CRIMINAL DAMAGE"
11,-10,"CRIMINAL TRESPASS"
31,-10,"DECEPTIVE PRACTICE"
3,-10,"INTERFERENCE WITH PUBLIC OFFICER"
40,-10,"MOTOR VEHICLE THEFT"
15,-10,NARCOTICS
6,-10,"OFFENSE INVOLVING CHILDREN"
46,-10,"OTHER OFFENSE"
11,-10,ROBBERY
2,-10,"SEX OFFENSE"
1,-10,STALKING
96,-10,THEFT
6,-10,"WEAPONS VIOLATION"
20,-9,ASSAULT
59,-9,BATTERY
23,-9,BURGLARY
30,-9,"CRIMINAL DAMAGE"
8,-9,"CRIMINAL TRESPASS"
37,-9,"DECEPTIVE PRACTICE"
1,-9,HOMICIDE
1,-9,"INTERFERENCE WITH PUBLIC OFFICER"
1,-9,KIDNAPPING
13,-9,"MOTOR VEHICLE THEFT"
27,-9,NARCOTICS
6,-9,"OFFENSE INVOLVING CHILDREN"
39,-9,"OTHER OFFENSE"
2,-9,"PUBLIC PEACE VIOLATION"
11,-9,ROBBERY
82,-9,THEFT
1,-9,"WEAPONS VIOLATION"
81,-4,ASSAULT
311,-4,BATTERY
77,-4,BURGLARY
20,-4,"CRIM SEXUAL ASSAULT"
164,-4,"CRIMINAL DAMAGE"
36,-4,"CRIMINAL TRESPASS"
131,-4,"DECEPTIVE PRACTICE"
4,-4,HOMICIDE
9,-4,"INTERFERENCE WITH PUBLIC OFFICER"
1,-4,INTIMIDATION
1,-4,KIDNAPPING
5,-4,"LIQUOR LAW VIOLATION"
109,-4,"MOTOR VEHICLE THEFT"
160,-4,NARCOTICS
95,-4,"OFFENSE INVOLVING CHILDREN"
180,-4,"OTHER OFFENSE"
9,-4,"PUBLIC PEACE VIOLATION"
83,-4,ROBBERY
21,-4,"SEX OFFENSE"
1,-4,STALKING
338,-4,THEFT
30,-4,"WEAPONS VIOLATION"
1,-2,ARSON
27,-2,ASSAULT
79,-2,BATTERY
16,-2,BURGLARY
2,-2,"CRIM SEXUAL ASSAULT"
40,-2,"CRIMINAL DAMAGE"
12,-2,"CRIMINAL TRESPASS"
35,-2,"DECEPTIVE PRACTICE"
4,-2,"INTERFERENCE WITH PUBLIC OFFICER"
31,-2,"MOTOR VEHICLE THEFT"
46,-2,NARCOTICS
3,-2,"OFFENSE INVOLVING CHILDREN"
34,-2,"OTHER OFFENSE"
2,-2,PROSTITUTION
3,-2,"PUBLIC PEACE VIOLATION"
12,-2,ROBBERY
2,-2,"SEX OFFENSE"
103,-2,THEFT
6,-2,"WEAPONS VIOLATION"
8,0,ARSON
292,0,ASSAULT
877,0,BATTERY
240,0,BURGLARY
3,0,"CONCEALED CARRY LICENSE VIOLATION"
21,0,"CRIM SEXUAL ASSAULT"
425,0,"CRIMINAL DAMAGE"
108,0,"CRIMINAL TRESPASS"
260,0,"DECEPTIVE PRACTICE"
9,0,GAMBLING
4,0,HOMICIDE
1,0,"HUMAN TRAFFICKING"
14,0,"INTERFERENCE WITH PUBLIC OFFICER"
2,0,INTIMIDATION
4,0,"LIQUOR LAW VIOLATION"
249,0,"MOTOR VEHICLE THEFT"
411,0,NARCOTICS
1,0,OBSCENITY
36,0,"OFFENSE INVOLVING CHILDREN"
316,0,"OTHER OFFENSE"
22,0,PROSTITUTION
29,0,"PUBLIC PEACE VIOLATION"
171,0,ROBBERY
14,0,"SEX OFFENSE"
1,0,STALKING
1048,0,THEFT
56,0,"WEAPONS VIOLATION"
80,1,ASSAULT
196,1,BATTERY
63,1,BURGLARY
1,1,"CONCEALED CARRY LICENSE VIOLATION"
6,1,"CRIM SEXUAL ASSAULT"
102,1,"CRIMINAL DAMAGE"
31,1,"CRIMINAL TRESPASS"
103,1,"DECEPTIVE PRACTICE"
1,1,HOMICIDE
6,1,"INTERFERENCE WITH PUBLIC OFFICER"
1,1,KIDNAPPING
69,1,"MOTOR VEHICLE THEFT"
33,1,NARCOTICS
8,1,"OFFENSE INVOLVING CHILDREN"
105,1,"OTHER OFFENSE"
3,1,"PUBLIC PEACE VIOLATION"
60,1,ROBBERY
4,1,"SEX OFFENSE"
269,1,THEFT
14,1,"WEAPONS VIOLATION"
3,2,ARSON
155,2,ASSAULT
371,2,BATTERY
140,2,BURGLARY
12,2,"CRIM SEXUAL ASSAULT"
229,2,"CRIMINAL DAMAGE"
64,2,"CRIMINAL TRESPASS"
138,2,"DECEPTIVE PRACTICE"
3,2,HOMICIDE
4,2,"INTERFERENCE WITH PUBLIC OFFICER"
2,2,INTIMIDATION
4,2,KIDNAPPING
4,2,"LIQUOR LAW VIOLATION"
174,2,"MOTOR VEHICLE THEFT"
189,2,NARCOTICS
21,2,"OFFENSE INVOLVING CHILDREN"
167,2,"OTHER OFFENSE"
10,2,PROSTITUTION
1,2,"PUBLIC INDECENCY"
12,2,"PUBLIC PEACE VIOLATION"
100,2,ROBBERY
8,2,"SEX OFFENSE"
521,2,THEFT
21,2,"WEAPONS VIOLATION"
4,3,ARSON
228,3,ASSAULT
571,3,BATTERY
144,3,BURGLARY
17,3,"CRIM SEXUAL ASSAULT"
251,3,"CRIMINAL DAMAGE"
100,3,"CRIMINAL TRESPASS"
217,3,"DECEPTIVE PRACTICE"
1,3,GAMBLING
3,3,HOMICIDE
20,3,"INTERFERENCE WITH PUBLIC OFFICER"
2,3,INTIMIDATION
1,3,KIDNAPPING
4,3,"LIQUOR LAW VIOLATION"
139,3,"MOTOR VEHICLE THEFT"
341,3,NARCOTICS
1,3,"NON - CRIMINAL"
25,3,"OFFENSE INVOLVING CHILDREN"
235,3,"OTHER OFFENSE"
8,3,PROSTITUTION
21,3,"PUBLIC PEACE VIOLATION"
106,3,ROBBERY
10,3,"SEX OFFENSE"
2,3,STALKING
739,3,THEFT
47,3,"WEAPONS VIOLATION"
10,4,ARSON
215,4,ASSAULT
628,4,BATTERY
197,4,BURGLARY
11,4,"CRIM SEXUAL ASSAULT"
349,4,"CRIMINAL DAMAGE"
101,4,"CRIMINAL TRESPASS"
237,4,"DECEPTIVE PRACTICE"
4,4,HOMICIDE
9,4,"INTERFERENCE WITH PUBLIC OFFICER"
5,4,INTIMIDATION
10,4,KIDNAPPING
5,4,"LIQUOR LAW VIOLATION"
211,4,"MOTOR VEHICLE THEFT"
354,4,NARCOTICS
34,4,"OFFENSE INVOLVING CHILDREN"
1,4,"OTHER NARCOTIC VIOLATION"
267,4,"OTHER OFFENSE"
14,4,PROSTITUTION
26,4,"PUBLIC PEACE VIOLATION"
146,4,ROBBERY
12,4,"SEX OFFENSE"
2,4,STALKING
813,4,THEFT
21,4,"WEAPONS VIOLATION"
7,5,ARSON
342,5,ASSAULT
892,5,BATTERY
251,5,BURGLARY
1,5,"CONCEALED CARRY LICENSE VIOLATION"
24,5,"CRIM SEXUAL ASSAULT"
538,5,"CRIMINAL DAMAGE"
141,5,"CRIMINAL TRESPASS"
339,5,"DECEPTIVE PRACTICE"
6,5,HOMICIDE
20,5,"INTERFERENCE WITH PUBLIC OFFICER"
3,5,INTIMIDATION
8,5,KIDNAPPING
6,5,"LIQUOR LAW VIOLATION"
321,5,"MOTOR VEHICLE THEFT"
462,5,NARCOTICS
54,5,"OFFENSE INVOLVING CHILDREN"
404,5,"OTHER OFFENSE"
29,5,PROSTITUTION
27,5,"PUBLIC PEACE VIOLATION"
196,5,ROBBERY
14,5,"SEX OFFENSE"
4,5,STALKING
1181,5,THEFT
61,5,"WEAPONS VIOLATION"
6,6,ARSON
365,6,ASSAULT
1067,6,BATTERY
282,6,BURGLARY
18,6,"CRIM SEXUAL ASSAULT"
495,6,"CRIMINAL DAMAGE"
184,6,"CRIMINAL TRESPASS"
371,6,"DECEPTIVE PRACTICE"
1,6,GAMBLING
7,6,HOMICIDE
34,6,"INTERFERENCE WITH PUBLIC OFFICER"
2,6,INTIMIDATION
3,6,KIDNAPPING
8,6,"LIQUOR LAW VIOLATION"
305,6,"MOTOR VEHICLE THEFT"
569,6,NARCOTICS
1,6,"NON - CRIMINAL"
2,6,NON-CRIMINAL
1,6,OBSCENITY
56,6,"OFFENSE INVOLVING CHILDREN"
434,6,"OTHER OFFENSE"
38,6,PROSTITUTION
31,6,"PUBLIC PEACE VIOLATION"
233,6,ROBBERY
8,6,"SEX OFFENSE"
6,6,STALKING
1163,6,THEFT
71,6,"WEAPONS VIOLATION"
7,7,ARSON
256,7,ASSAULT
705,7,BATTERY
247,7,BURGLARY
1,7,"CONCEALED CARRY LICENSE VIOLATION"
28,7,"CRIM SEXUAL ASSAULT"
388,7,"CRIMINAL DAMAGE"
107,7,"CRIMINAL TRESPASS"
289,7,"DECEPTIVE PRACTICE"
1,7,GAMBLING
7,7,HOMICIDE
14,7,"INTERFERENCE WITH PUBLIC OFFICER"
3,7,INTIMIDATION
2,7,KIDNAPPING
6,7,"LIQUOR LAW VIOLATION"
234,7,"MOTOR VEHICLE THEFT"
490,7,NARCOTICS
45,7,"OFFENSE INVOLVING CHILDREN"
331,7,"OTHER OFFENSE"
18,7,PROSTITUTION
29,7,"PUBLIC PEACE VIOLATION"
218,7,ROBBERY
12,7,"SEX OFFENSE"
5,7,STALKING
1094,7,THEFT
54,7,"WEAPONS VIOLATION"
3,8,ARSON
296,8,ASSAULT
831,8,BATTERY
283,8,BURGLARY
1,8,"CONCEALED CARRY LICENSE VIOLATION"
16,8,"CRIM SEXUAL ASSAULT"
421,8,"CRIMINAL DAMAGE"
125,8,"CRIMINAL TRESPASS"
302,8,"DECEPTIVE PRACTICE"
1,8,GAMBLING
11,8,HOMICIDE
25,8,"INTERFERENCE WITH PUBLIC OFFICER"
4,8,INTIMIDATION
3,8,KIDNAPPING
3,8,"LIQUOR LAW VIOLATION"
235,8,"MOTOR VEHICLE THEFT"
394,8,NARCOTICS
33,8,"OFFENSE INVOLVING CHILDREN"
332,8,"OTHER OFFENSE"
10,8,PROSTITUTION
40,8,"PUBLIC PEACE VIOLATION"
201,8,ROBBERY
14,8,"SEX OFFENSE"
5,8,STALKING
1139,8,THEFT
52,8,"WEAPONS VIOLATION"
3,9,ARSON
273,9,ASSAULT
813,9,BATTERY
233,9,BURGLARY
2,9,"CONCEALED CARRY LICENSE VIOLATION"
29,9,"CRIM SEXUAL ASSAULT"
430,9,"CRIMINAL DAMAGE"
145,9,"CRIMINAL TRESPASS"
270,9,"DECEPTIVE PRACTICE"
1,9,GAMBLING
4,9,HOMICIDE
13,9,"INTERFERENCE WITH PUBLIC OFFICER"
1,9,INTIMIDATION
3,9,KIDNAPPING
5,9,"LIQUOR LAW VIOLATION"
239,9,"MOTOR VEHICLE THEFT"
399,9,NARCOTICS
1,9,OBSCENITY
36,9,"OFFENSE INVOLVING CHILDREN"
358,9,"OTHER OFFENSE"
18,9,PROSTITUTION
29,9,"PUBLIC PEACE VIOLATION"
173,9,ROBBERY
13,9,"SEX OFFENSE"
3,9,STALKING
908,9,THEFT
40,9,"WEAPONS VIOLATION"
7,10,ARSON
373,10,ASSAULT
1091,10,BATTERY
353,10,BURGLARY
1,10,"CONCEALED CARRY LICENSE VIOLATION"
30,10,"CRIM SEXUAL ASSAULT"
606,10,"CRIMINAL DAMAGE"
172,10,"CRIMINAL TRESPASS"
384,10,"DECEPTIVE PRACTICE"
7,10,HOMICIDE
1,10,"HUMAN TRAFFICKING"
33,10,"INTERFERENCE WITH PUBLIC OFFICER"
3,10,INTIMIDATION
4,10,KIDNAPPING
5,10,"LIQUOR LAW VIOLATION"
291,10,"MOTOR VEHICLE THEFT"
760,10,NARCOTICS
1,10,"NON - CRIMINAL"
75,10,"OFFENSE INVOLVING CHILDREN"
496,10,"OTHER OFFENSE"
30,10,PROSTITUTION
47,10,"PUBLIC PEACE VIOLATION"
252,10,ROBBERY
18,10,"SEX OFFENSE"
1,10,STALKING
1388,10,THEFT
80,10,"WEAPONS VIOLATION"
14,11,ARSON
556,11,ASSAULT
1604,11,BATTERY
538,11,BURGLARY
83,11,"CRIM SEXUAL ASSAULT"
850,11,"CRIMINAL DAMAGE"
239,11,"CRIMINAL TRESPASS"
553,11,"DECEPTIVE PRACTICE"
2,11,GAMBLING
7,11,HOMICIDE
1,11,"HUMAN TRAFFICKING"
35,11,"INTERFERENCE WITH PUBLIC OFFICER"
4,11,INTIMIDATION
3,11,KIDNAPPING
13,11,"LIQUOR LAW VIOLATION"
492,11,"MOTOR VEHICLE THEFT"
929,11,NARCOTICS
1,11,NON-CRIMINAL
1,11,OBSCENITY
146,11,"OFFENSE INVOLVING CHILDREN"
720,11,"OTHER OFFENSE"
56,11,PROSTITUTION
66,11,"PUBLIC PEACE VIOLATION"
380,11,ROBBERY
52,11,"SEX OFFENSE"
8,11,STALKING
2169,11,THEFT
125,11,"WEAPONS VIOLATION"
13,12,ARSON
677,12,ASSAULT
1978,12,BATTERY
666,12,BURGLARY
47,12,"CRIM SEXUAL ASSAULT"
1031,12,"CRIMINAL DAMAGE"
304,12,"CRIMINAL TRESPASS"
673,12,"DECEPTIVE PRACTICE"
4,12,GAMBLING
15,12,HOMICIDE
1,12,"HUMAN TRAFFICKING"
36,12,"INTERFERENCE WITH PUBLIC OFFICER"
7,12,INTIMIDATION
10,12,KIDNAPPING
11,12,"LIQUOR LAW VIOLATION"
669,12,"MOTOR VEHICLE THEFT"
959,12,NARCOTICS
1,12,NON-CRIMINAL
4,12,OBSCENITY
100,12,"OFFENSE INVOLVING CHILDREN"
1,12,"OTHER NARCOTIC VIOLATION"
802,12,"OTHER OFFENSE"
45,12,PROSTITUTION
81,12,"PUBLIC PEACE VIOLATION"
492,12,ROBBERY
38,12,"SEX OFFENSE"
10,12,STALKING
2480,12,THEFT
136,12,"WEAPONS VIOLATION"
9,13,ARSON
424,13,ASSAULT
1277,13,BATTERY
425,13,BURGLARY
2,13,"CONCEALED CARRY LICENSE VIOLATION"
25,13,"CRIM SEXUAL ASSAULT"
714,13,"CRIMINAL DAMAGE"
212,13,"CRIMINAL TRESPASS"
450,13,"DECEPTIVE PRACTICE"
1,13,GAMBLING
12,13,HOMICIDE
30,13,"INTERFERENCE WITH PUBLIC OFFICER"
3,13,INTIMIDATION
6,13,KIDNAPPING
10,13,"LIQUOR LAW VIOLATION"
375,13,"MOTOR VEHICLE THEFT"
783,13,NARCOTICS
53,13,"OFFENSE INVOLVING CHILDREN"
1,13,"OTHER NARCOTIC VIOLATION"
555,13,"OTHER OFFENSE"
36,13,PROSTITUTION
45,13,"PUBLIC PEACE VIOLATION"
325,13,ROBBERY
22,13,"SEX OFFENSE"
4,13,STALKING
1763,13,THEFT
90,13,"WEAPONS VIOLATION"
22,14,ARSON
991,14,ASSAULT
2949,14,BATTERY
927,14,BURGLARY
2,14,"CONCEALED CARRY LICENSE VIOLATION"
82,14,"CRIM SEXUAL ASSAULT"
1525,14,"CRIMINAL DAMAGE"
431,14,"CRIMINAL TRESPASS"
1092,14,"DECEPTIVE PRACTICE"
7,14,GAMBLING
34,14,HOMICIDE
1,14,"HUMAN TRAFFICKING"
67,14,"INTERFERENCE WITH PUBLIC OFFICER"
7,14,INTIMIDATION
14,14,KIDNAPPING
29,14,"LIQUOR LAW VIOLATION"
906,14,"MOTOR VEHICLE THEFT"
1681,14,NARCOTICS
1,14,"NON - CRIMINAL"
1,14,NON-CRIMINAL
2,14,OBSCENITY
148,14,"OFFENSE INVOLVING CHILDREN"
1188,14,"OTHER OFFENSE"
90,14,PROSTITUTION
109,14,"PUBLIC PEACE VIOLATION"
661,14,ROBBERY
57,14,"SEX OFFENSE"
8,14,STALKING
3633,14,THEFT
204,14,"WEAPONS VIOLATION"
10,15,ARSON
518,15,ASSAULT
1540,15,BATTERY
483,15,BURGLARY
1,15,"CONCEALED CARRY LICENSE VIOLATION"
30,15,"CRIM SEXUAL ASSAULT"
887,15,"CRIMINAL DAMAGE"
243,15,"CRIMINAL TRESPASS"
436,15,"DECEPTIVE PRACTICE"
2,15,GAMBLING
10,15,HOMICIDE
31,15,"INTERFERENCE WITH PUBLIC OFFICER"
4,15,INTIMIDATION
5,15,KIDNAPPING
14,15,"LIQUOR LAW VIOLATION"
441,15,"MOTOR VEHICLE THEFT"
978,15,NARCOTICS
1,15,NON-CRIMINAL
78,15,"OFFENSE INVOLVING CHILDREN"
528,15,"OTHER OFFENSE"
44,15,PROSTITUTION
56,15,"PUBLIC PEACE VIOLATION"
324,15,ROBBERY
32,15,"SEX OFFENSE"
5,15,STALKING
1796,15,THEFT
86,15,"WEAPONS VIOLATION"
10,16,ARSON
490,16,ASSAULT
1602,16,BATTERY
546,16,BURGLARY
56,16,"CRIM SEXUAL ASSAULT"
870,16,"CRIMINAL DAMAGE"
289,16,"CRIMINAL TRESPASS"
585,16,"DECEPTIVE PRACTICE"
3,16,GAMBLING
15,16,HOMICIDE
33,16,"INTERFERENCE WITH PUBLIC OFFICER"
1,16,INTIMIDATION
7,16,KIDNAPPING
16,16,"LIQUOR LAW VIOLATION"
480,16,"MOTOR VEHICLE THEFT"
1102,16,NARCOTICS
1,16,NON-CRIMINAL
4,16,OBSCENITY
112,16,"OFFENSE INVOLVING CHILDREN"
726,16,"OTHER OFFENSE"
65,16,PROSTITUTION
1,16,"PUBLIC INDECENCY"
90,16,"PUBLIC PEACE VIOLATION"
353,16,ROBBERY
42,16,"SEX OFFENSE"
4,16,STALKING
2033,16,THEFT
109,16,"WEAPONS VIOLATION"
15,17,ARSON
664,17,ASSAULT
2115,17,BATTERY
815,17,BURGLARY
1,17,"CONCEALED CARRY LICENSE VIOLATION"
48,17,"CRIM SEXUAL ASSAULT"
1151,17,"CRIMINAL DAMAGE"
347,17,"CRIMINAL TRESPASS"
613,17,"DECEPTIVE PRACTICE"
1,17,GAMBLING
21,17,HOMICIDE
42,17,"INTERFERENCE WITH PUBLIC OFFICER"
6,17,INTIMIDATION
5,17,KIDNAPPING
14,17,"LIQUOR LAW VIOLATION"
706,17,"MOTOR VEHICLE THEFT"
1390,17,NARCOTICS
2,17,OBSCENITY
100,17,"OFFENSE INVOLVING CHILDREN"
891,17,"OTHER OFFENSE"
62,17,PROSTITUTION
82,17,"PUBLIC PEACE VIOLATION"
492,17,ROBBERY
24,17,"SEX OFFENSE"
10,17,STALKING
2754,17,THEFT
124,17,"WEAPONS VIOLATION"
15,18,ARSON
605,18,ASSAULT
1993,18,BATTERY
665,18,BURGLARY
2,18,"CONCEALED CARRY LICENSE VIOLATION"
68,18,"CRIM SEXUAL ASSAULT"
1064,18,"CRIMINAL DAMAGE"
293,18,"CRIMINAL TRESPASS"
620,18,"DECEPTIVE PRACTICE"
3,18,GAMBLING
14,18,HOMICIDE
2,18,"HUMAN TRAFFICKING"
35,18,"INTERFERENCE WITH PUBLIC OFFICER"
5,18,INTIMIDATION
11,18,KIDNAPPING
18,18,"LIQUOR LAW VIOLATION"
591,18,"MOTOR VEHICLE THEFT"
1204,18,NARCOTICS
3,18,OBSCENITY
151,18,"OFFENSE INVOLVING CHILDREN"
777,18,"OTHER OFFENSE"
62,18,PROSTITUTION
85,18,"PUBLIC PEACE VIOLATION"
391,18,ROBBERY
75,18,"SEX OFFENSE"
9,18,STALKING
2421,18,THEFT
127,18,"WEAPONS VIOLATION"
12,19,ARSON
824,19,ASSAULT
2186,19,BATTERY
800,19,BURGLARY
3,19,"CONCEALED CARRY LICENSE VIOLATION"
66,19,"CRIM SEXUAL ASSAULT"
1182,19,"CRIMINAL DAMAGE"
415,19,"CRIMINAL TRESPASS"
700,19,"DECEPTIVE PRACTICE"
4,19,GAMBLING
17,19,HOMICIDE
41,19,"INTERFERENCE WITH PUBLIC OFFICER"
10,19,INTIMIDATION
17,19,KIDNAPPING
14,19,"LIQUOR LAW VIOLATION"
641,19,"MOTOR VEHICLE THEFT"
1294,19,NARCOTICS
1,19,"NON-CRIMINAL (SUBJECT SPECIFIED)"
2,19,OBSCENITY
108,19,"OFFENSE INVOLVING CHILDREN"
922,19,"OTHER OFFENSE"
73,19,PROSTITUTION
94,19,"PUBLIC PEACE VIOLATION"
512,19,ROBBERY
40,19,"SEX OFFENSE"
9,19,STALKING
2836,19,THEFT
160,19,"WEAPONS VIOLATION"
26,20,ARSON
1060,20,ASSAULT
2883,20,BATTERY
1015,20,BURGLARY
3,20,"CONCEALED CARRY LICENSE VIOLATION"
78,20,"CRIM SEXUAL ASSAULT"
1609,20,"CRIMINAL DAMAGE"
501,20,"CRIMINAL TRESPASS"
871,20,"DECEPTIVE PRACTICE"
5,20,GAMBLING
27,20,HOMICIDE
50,20,"INTERFERENCE WITH PUBLIC OFFICER"
2,20,INTIMIDATION
17,20,KIDNAPPING
29,20,"LIQUOR LAW VIOLATION"
916,20,"MOTOR VEHICLE THEFT"
1916,20,NARCOTICS
1,20,NON-CRIMINAL
1,20,OBSCENITY
125,20,"OFFENSE INVOLVING CHILDREN"
1169,20,"OTHER OFFENSE"
117,20,PROSTITUTION
91,20,"PUBLIC PEACE VIOLATION"
680,20,ROBBERY
45,20,"SEX OFFENSE"
14,20,STALKING
3755,20,THEFT
208,20,"WEAPONS VIOLATION"
22,21,ARSON
1278,21,ASSAULT
3755,21,BATTERY
1235,21,BURGLARY
2,21,"CONCEALED CARRY LICENSE VIOLATION"
84,21,"CRIM SEXUAL ASSAULT"
2000,21,"CRIMINAL DAMAGE"
596,21,"CRIMINAL TRESPASS"
1175,21,"DECEPTIVE PRACTICE"
4,21,GAMBLING
34,21,HOMICIDE
80,21,"INTERFERENCE WITH PUBLIC OFFICER"
6,21,INTIMIDATION
13,21,KIDNAPPING
27,21,"LIQUOR LAW VIOLATION"
1041,21,"MOTOR VEHICLE THEFT"
2197,21,NARCOTICS
1,21,"NON - CRIMINAL"
1,21,NON-CRIMINAL
5,21,OBSCENITY
195,21,"OFFENSE INVOLVING CHILDREN"
1472,21,"OTHER OFFENSE"
99,21,PROSTITUTION
162,21,"PUBLIC PEACE VIOLATION"
788,21,ROBBERY
52,21,"SEX OFFENSE"
12,21,STALKING
4653,21,THEFT
230,21,"WEAPONS VIOLATION"
32,22,ARSON
966,22,ASSAULT
2752,22,BATTERY
954,22,BURGLARY
3,22,"CONCEALED CARRY LICENSE VIOLATION"
93,22,"CRIM SEXUAL ASSAULT"
1609,22,"CRIMINAL DAMAGE"
475,22,"CRIMINAL TRESPASS"
1015,22,"DECEPTIVE PRACTICE"
3,22,GAMBLING
27,22,HOMICIDE
66,22,"INTERFERENCE WITH PUBLIC OFFICER"
9,22,INTIMIDATION
17,22,KIDNAPPING
24,22,"LIQUOR LAW VIOLATION"
810,22,"MOTOR VEHICLE THEFT"
1619,22,NARCOTICS
2,22,NON-CRIMINAL
3,22,OBSCENITY
144,22,"OFFENSE INVOLVING CHILDREN"
1170,22,"OTHER OFFENSE"
99,22,PROSTITUTION
121,22,"PUBLIC PEACE VIOLATION"
642,22,ROBBERY
57,22,"SEX OFFENSE"
13,22,STALKING
3798,22,THEFT
173,22,"WEAPONS VIOLATION"
22,23,ARSON
807,23,ASSAULT
2493,23,BATTERY
846,23,BURGLARY
82,23,"CRIM SEXUAL ASSAULT"
1398,23,"CRIMINAL DAMAGE"
391,23,"CRIMINAL TRESPASS"
780,23,"DECEPTIVE PRACTICE"
1,23,GAMBLING
15,23,HOMICIDE
55,23,"INTERFERENCE WITH PUBLIC OFFICER"
7,23,INTIMIDATION
11,23,KIDNAPPING
19,23,"LIQUOR LAW VIOLATION"
736,23,"MOTOR VEHICLE THEFT"
1490,23,NARCOTICS
5,23,OBSCENITY
150,23,"OFFENSE INVOLVING CHILDREN"
1,23,"OTHER NARCOTIC VIOLATION"
950,23,"OTHER OFFENSE"
68,23,PROSTITUTION
2,23,"PUBLIC INDECENCY"
110,23,"PUBLIC PEACE VIOLATION"
514,23,ROBBERY
55,23,"SEX OFFENSE"
1,23,STALKING
2943,23,THEFT
175,23,"WEAPONS VIOLATION"
27,24,ARSON
1453,24,ASSAULT
3815,24,BATTERY
1383,24,BURGLARY
2,24,"CONCEALED CARRY LICENSE VIOLATION"
97,24,"CRIM SEXUAL ASSAULT"
2255,24,"CRIMINAL DAMAGE"
634,24,"CRIMINAL TRESPASS"
1418,24,"DECEPTIVE PRACTICE"
5,24,GAMBLING
34,24,HOMICIDE
2,24,"HUMAN TRAFFICKING"
93,24,"INTERFERENCE WITH PUBLIC OFFICER"
9,24,INTIMIDATION
22,24,KIDNAPPING
26,24,"LIQUOR LAW VIOLATION"
1195,24,"MOTOR VEHICLE THEFT"
2279,24,NARCOTICS
1,24,NON-CRIMINAL
3,24,OBSCENITY
218,24,"OFFENSE INVOLVING CHILDREN"
1643,24,"OTHER OFFENSE"
112,24,PROSTITUTION
174,24,"PUBLIC PEACE VIOLATION"
969,24,ROBBERY
73,24,"SEX OFFENSE"
17,24,STALKING
5293,24,THEFT
273,24,"WEAPONS VIOLATION"
44,25,ARSON
1665,25,ASSAULT
5161,25,BATTERY
1818,25,BURGLARY
2,25,"CONCEALED CARRY LICENSE VIOLATION"
140,25,"CRIM SEXUAL ASSAULT"
3040,25,"CRIMINAL DAMAGE"
765,25,"CRIMINAL TRESPASS"
1593,25,"DECEPTIVE PRACTICE"
9,25,GAMBLING
42,25,HOMICIDE
111,25,"INTERFERENCE WITH PUBLIC OFFICER"
18,25,INTIMIDATION
20,25,KIDNAPPING
52,25,"LIQUOR LAW VIOLATION"
1614,25,"MOTOR VEHICLE THEFT"
3241,25,NARCOTICS
1,25,NON-CRIMINAL
10,25,OBSCENITY
284,25,"OFFENSE INVOLVING CHILDREN"
1927,25,"OTHER OFFENSE"
189,25,PROSTITUTION
2,25,"PUBLIC INDECENCY"
202,25,"PUBLIC PEACE VIOLATION"
1170,25,ROBBERY
117,25,"SEX OFFENSE"
8,25,STALKING
6506,25,THEFT
370,25,"WEAPONS VIOLATION"
44,26,ARSON
1934,26,ASSAULT
5863,26,BATTERY
1949,26,BURGLARY
5,26,"CONCEALED CARRY LICENSE VIOLATION"
137,26,"CRIM SEXUAL ASSAULT"
3393,26,"CRIMINAL DAMAGE"
971,26,"CRIMINAL TRESPASS"
1787,26,"DECEPTIVE PRACTICE"
8,26,GAMBLING
42,26,HOMICIDE
135,26,"INTERFERENCE WITH PUBLIC OFFICER"
14,26,INTIMIDATION
27,26,KIDNAPPING
43,26,"LIQUOR LAW VIOLATION"
1727,26,"MOTOR VEHICLE THEFT"
3512,26,NARCOTICS
1,26,NON-CRIMINAL
6,26,OBSCENITY
264,26,"OFFENSE INVOLVING CHILDREN"
2089,26,"OTHER OFFENSE"
146,26,PROSTITUTION
2,26,"PUBLIC INDECENCY"
244,26,"PUBLIC PEACE VIOLATION"
1338,26,ROBBERY
112,26,"SEX OFFENSE"
20,26,STALKING
7387,26,THEFT
388,26,"WEAPONS VIOLATION"
28,27,ARSON
1352,27,ASSAULT
3772,27,BATTERY
1246,27,BURGLARY
2,27,"CONCEALED CARRY LICENSE VIOLATION"
111,27,"CRIM SEXUAL ASSAULT"
2199,27,"CRIMINAL DAMAGE"
590,27,"CRIMINAL TRESPASS"
1170,27,"DECEPTIVE PRACTICE"
6,27,GAMBLING
36,27,HOMICIDE
87,27,"INTERFERENCE WITH PUBLIC OFFICER"
21,27,INTIMIDATION
21,27,KIDNAPPING
20,27,"LIQUOR LAW VIOLATION"
1019,27,"MOTOR VEHICLE THEFT"
2206,27,NARCOTICS
2,27,NON-CRIMINAL
2,27,OBSCENITY
141,27,"OFFENSE INVOLVING CHILDREN"
1430,27,"OTHER OFFENSE"
113,27,PROSTITUTION
157,27,"PUBLIC PEACE VIOLATION"
822,27,ROBBERY
66,27,"SEX OFFENSE"
17,27,STALKING
4868,27,THEFT
266,27,"WEAPONS VIOLATION"
53,28,ARSON
2151,28,ASSAULT
6540,28,BATTERY
2102,28,BURGLARY
2,28,"CONCEALED CARRY LICENSE VIOLATION"
200,28,"CRIM SEXUAL ASSAULT"
3809,28,"CRIMINAL DAMAGE"
956,28,"CRIMINAL TRESPASS"
2006,28,"DECEPTIVE PRACTICE"
18,28,GAMBLING
58,28,HOMICIDE
105,28,"INTERFERENCE WITH PUBLIC OFFICER"
13,28,INTIMIDATION
28,28,KIDNAPPING
62,28,"LIQUOR LAW VIOLATION"
1785,28,"MOTOR VEHICLE THEFT"
3719,28,NARCOTICS
1,28,"NON - CRIMINAL"
3,28,NON-CRIMINAL
11,28,OBSCENITY
433,28,"OFFENSE INVOLVING CHILDREN"
2328,28,"OTHER OFFENSE"
202,28,PROSTITUTION
290,28,"PUBLIC PEACE VIOLATION"
1504,28,ROBBERY
158,28,"SEX OFFENSE"
21,28,STALKING
8023,28,THEFT
448,28,"WEAPONS VIOLATION"
60,29,ARSON
2429,29,ASSAULT
6899,29,BATTERY
2408,29,BURGLARY
3,29,"CONCEALED CARRY LICENSE VIOLATION"
167,29,"CRIM SEXUAL ASSAULT"
4087,29,"CRIMINAL DAMAGE"
1063,29,"CRIMINAL TRESPASS"
2050,29,"DECEPTIVE PRACTICE"
17,29,GAMBLING
66,29,HOMICIDE
141,29,"INTERFERENCE WITH PUBLIC OFFICER"
19,29,INTIMIDATION
32,29,KIDNAPPING
47,29,"LIQUOR LAW VIOLATION"
2034,29,"MOTOR VEHICLE THEFT"
4096,29,NARCOTICS
11,29,OBSCENITY
327,29,"OFFENSE INVOLVING CHILDREN"
1,29,"OTHER NARCOTIC VIOLATION"
2675,29,"OTHER OFFENSE"
194,29,PROSTITUTION
1,29,"PUBLIC INDECENCY"
254,29,"PUBLIC PEACE VIOLATION"
1597,29,ROBBERY
120,29,"SEX OFFENSE"
22,29,STALKING
8812,29,THEFT
556,29,"WEAPONS VIOLATION"
53,30,ARSON
2324,30,ASSAULT
6619,30,BATTERY
2311,30,BURGLARY
5,30,"CONCEALED CARRY LICENSE VIOLATION"
181,30,"CRIM SEXUAL ASSAULT"
3870,30,"CRIMINAL DAMAGE"
985,30,"CRIMINAL TRESPASS"
2132,30,"DECEPTIVE PRACTICE"
11,30,GAMBLING
60,30,HOMICIDE
138,30,"INTERFERENCE WITH PUBLIC OFFICER"
22,30,INTIMIDATION
38,30,KIDNAPPING
46,30,"LIQUOR LAW VIOLATION"
1733,30,"MOTOR VEHICLE THEFT"
3642,30,NARCOTICS
1,30,"NON-CRIMINAL (SUBJECT SPECIFIED)"
8,30,OBSCENITY
367,30,"OFFENSE INVOLVING CHILDREN"
2447,30,"OTHER OFFENSE"
197,30,PROSTITUTION
1,30,"PUBLIC INDECENCY"
304,30,"PUBLIC PEACE VIOLATION"
1478,30,ROBBERY
133,30,"SEX OFFENSE"
30,30,STALKING
8336,30,THEFT
522,30,"WEAPONS VIOLATION"
53,31,ARSON
2324,31,ASSAULT
6568,31,BATTERY
2184,31,BURGLARY
5,31,"CONCEALED CARRY LICENSE VIOLATION"
154,31,"CRIM SEXUAL ASSAULT"
3953,31,"CRIMINAL DAMAGE"
1059,31,"CRIMINAL TRESPASS"
2048,31,"DECEPTIVE PRACTICE"
10,31,GAMBLING
63,31,HOMICIDE
1,31,"HUMAN TRAFFICKING"
127,31,"INTERFERENCE WITH PUBLIC OFFICER"
26,31,INTIMIDATION
28,31,KIDNAPPING
51,31,"LIQUOR LAW VIOLATION"
1756,31,"MOTOR VEHICLE THEFT"
3949,31,NARCOTICS
2,31,NON-CRIMINAL
1,31,"NON-CRIMINAL (SUBJECT SPECIFIED)"
3,31,OBSCENITY
267,31,"OFFENSE INVOLVING CHILDREN"
2422,31,"OTHER OFFENSE"
182,31,PROSTITUTION
3,31,"PUBLIC INDECENCY"
289,31,"PUBLIC PEACE VIOLATION"
1460,31,ROBBERY
106,31,"SEX OFFENSE"
25,31,STALKING
8279,31,THEFT
473,31,"WEAPONS VIOLATION"
40,32,ARSON
1697,32,ASSAULT
4696,32,BATTERY
1476,32,BURGLARY
3,32,"CONCEALED CARRY LICENSE VIOLATION"
131,32,"CRIM SEXUAL ASSAULT"
2786,32,"CRIMINAL DAMAGE"
764,32,"CRIMINAL TRESPASS"
1590,32,"DECEPTIVE PRACTICE"
10,32,GAMBLING
54,32,HOMICIDE
1,32,"HUMAN TRAFFICKING"
106,32,"INTERFERENCE WITH PUBLIC OFFICER"
12,32,INTIMIDATION
19,32,KIDNAPPING
48,32,"LIQUOR LAW VIOLATION"
1235,32,"MOTOR VEHICLE THEFT"
2598,32,NARCOTICS
1,32,"NON - CRIMINAL"
3,32,NON-CRIMINAL
3,32,OBSCENITY
231,32,"OFFENSE INVOLVING CHILDREN"
1894,32,"OTHER OFFENSE"
165,32,PROSTITUTION
197,32,"PUBLIC PEACE VIOLATION"
1076,32,ROBBERY
91,32,"SEX OFFENSE"
15,32,STALKING
6046,32,THEFT
374,32,"WEAPONS VIOLATION"
47,33,ARSON
2324,33,ASSAULT
6250,33,BATTERY
2374,33,BURGLARY
2,33,"CONCEALED CARRY LICENSE VIOLATION"
169,33,"CRIM SEXUAL ASSAULT"
3949,33,"CRIMINAL DAMAGE"
1016,33,"CRIMINAL TRESPASS"
1905,33,"DECEPTIVE PRACTICE"
9,33,GAMBLING
55,33,HOMICIDE
131,33,"INTERFERENCE WITH PUBLIC OFFICER"
24,33,INTIMIDATION
30,33,KIDNAPPING
55,33,"LIQUOR LAW VIOLATION"
1830,33,"MOTOR VEHICLE THEFT"
3884,33,NARCOTICS
1,33,NON-CRIMINAL
2,33,OBSCENITY
305,33,"OFFENSE INVOLVING CHILDREN"
2383,33,"OTHER OFFENSE"
271,33,PROSTITUTION
1,33,"PUBLIC INDECENCY"
301,33,"PUBLIC PEACE VIOLATION"
1492,33,ROBBERY
102,33,"SEX OFFENSE"
29,33,STALKING
8322,33,THEFT
418,33,"WEAPONS VIOLATION"
58,34,ARSON
2761,34,ASSAULT
7667,34,BATTERY
2323,34,BURGLARY
10,34,"CONCEALED CARRY LICENSE VIOLATION"
201,34,"CRIM SEXUAL ASSAULT"
4541,34,"CRIMINAL DAMAGE"
1156,34,"CRIMINAL TRESPASS"
2301,34,"DECEPTIVE PRACTICE"
13,34,GAMBLING
73,34,HOMICIDE
143,34,"INTERFERENCE WITH PUBLIC OFFICER"
27,34,INTIMIDATION
26,34,KIDNAPPING
53,34,"LIQUOR LAW VIOLATION"
1970,34,"MOTOR VEHICLE THEFT"
3871,34,NARCOTICS
3,34,NON-CRIMINAL
6,34,OBSCENITY
365,34,"OFFENSE INVOLVING CHILDREN"
1,34,"OTHER NARCOTIC VIOLATION"
2692,34,"OTHER OFFENSE"
183,34,PROSTITUTION
2,34,"PUBLIC INDECENCY"
361,34,"PUBLIC PEACE VIOLATION"
1637,34,ROBBERY
126,34,"SEX OFFENSE"
23,34,STALKING
9520,34,THEFT
598,34,"WEAPONS VIOLATION"
61,35,ARSON
2627,35,ASSAULT
7403,35,BATTERY
2407,35,BURGLARY
7,35,"CONCEALED CARRY LICENSE VIOLATION"
184,35,"CRIM SEXUAL ASSAULT"
4395,35,"CRIMINAL DAMAGE"
1038,35,"CRIMINAL TRESPASS"
2194,35,"DECEPTIVE PRACTICE"
12,35,GAMBLING
49,35,HOMICIDE
3,35,"HUMAN TRAFFICKING"
157,35,"INTERFERENCE WITH PUBLIC OFFICER"
25,35,INTIMIDATION
26,35,KIDNAPPING
44,35,"LIQUOR LAW VIOLATION"
1774,35,"MOTOR VEHICLE THEFT"
3889,35,NARCOTICS
1,35,"NON - CRIMINAL"
3,35,NON-CRIMINAL
9,35,OBSCENITY
313,35,"OFFENSE INVOLVING CHILDREN"
2620,35,"OTHER OFFENSE"
176,35,PROSTITUTION
1,35,"PUBLIC INDECENCY"
349,35,"PUBLIC PEACE VIOLATION"
1571,35,ROBBERY
117,35,"SEX OFFENSE"
29,35,STALKING
9212,35,THEFT
550,35,"WEAPONS VIOLATION"
64,36,ARSON
2743,36,ASSAULT
7794,36,BATTERY
2639,36,BURGLARY
4,36,"CONCEALED CARRY LICENSE VIOLATION"
229,36,"CRIM SEXUAL ASSAULT"
4779,36,"CRIMINAL DAMAGE"
1198,36,"CRIMINAL TRESPASS"
2366,36,"DECEPTIVE PRACTICE"
23,36,GAMBLING
81,36,HOMICIDE
1,36,"HUMAN TRAFFICKING"
197,36,"INTERFERENCE WITH PUBLIC OFFICER"
15,36,INTIMIDATION
36,36,KIDNAPPING
48,36,"LIQUOR LAW VIOLATION"
2167,36,"MOTOR VEHICLE THEFT"
4104,36,NARCOTICS
4,36,NON-CRIMINAL
6,36,OBSCENITY
355,36,"OFFENSE INVOLVING CHILDREN"
1,36,"OTHER NARCOTIC VIOLATION"
2797,36,"OTHER OFFENSE"
276,36,PROSTITUTION
1,36,"PUBLIC INDECENCY"
324,36,"PUBLIC PEACE VIOLATION"
1807,36,ROBBERY
148,36,"SEX OFFENSE"
21,36,STALKING
10227,36,THEFT
601,36,"WEAPONS VIOLATION"
49,37,ARSON
2747,37,ASSAULT
7550,37,BATTERY
2593,37,BURGLARY
10,37,"CONCEALED CARRY LICENSE VIOLATION"
240,37,"CRIM SEXUAL ASSAULT"
4742,37,"CRIMINAL DAMAGE"
1166,37,"CRIMINAL TRESPASS"
2211,37,"DECEPTIVE PRACTICE"
15,37,GAMBLING
64,37,HOMICIDE
176,37,"INTERFERENCE WITH PUBLIC OFFICER"
23,37,INTIMIDATION
41,37,KIDNAPPING
54,37,"LIQUOR LAW VIOLATION"
2016,37,"MOTOR VEHICLE THEFT"
4120,37,NARCOTICS
2,37,NON-CRIMINAL
6,37,OBSCENITY
410,37,"OFFENSE INVOLVING CHILDREN"
1,37,"OTHER NARCOTIC VIOLATION"
2937,37,"OTHER OFFENSE"
237,37,PROSTITUTION
1,37,"PUBLIC INDECENCY"
348,37,"PUBLIC PEACE VIOLATION"
1705,37,ROBBERY
172,37,"SEX OFFENSE"
32,37,STALKING
9934,37,THEFT
578,37,"WEAPONS VIOLATION"
57,38,ARSON
2505,38,ASSAULT
7222,38,BATTERY
2637,38,BURGLARY
4,38,"CONCEALED CARRY LICENSE VIOLATION"
214,38,"CRIM SEXUAL ASSAULT"
4633,38,"CRIMINAL DAMAGE"
1050,38,"CRIMINAL TRESPASS"
2233,38,"DECEPTIVE PRACTICE"
19,38,GAMBLING
67,38,HOMICIDE
2,38,"HUMAN TRAFFICKING"
148,38,"INTERFERENCE WITH PUBLIC OFFICER"
22,38,INTIMIDATION
25,38,KIDNAPPING
37,38,"LIQUOR LAW VIOLATION"
1977,38,"MOTOR VEHICLE THEFT"
3626,38,NARCOTICS
2,38,NON-CRIMINAL
2,38,"NON-CRIMINAL (SUBJECT SPECIFIED)"
4,38,OBSCENITY
329,38,"OFFENSE INVOLVING CHILDREN"
1,38,"OTHER NARCOTIC VIOLATION"
2671,38,"OTHER OFFENSE"
208,38,PROSTITUTION
1,38,"PUBLIC INDECENCY"
304,38,"PUBLIC PEACE VIOLATION"
1880,38,ROBBERY
139,38,"SEX OFFENSE"
20,38,STALKING
9424,38,THEFT
484,38,"WEAPONS VIOLATION"
51,39,ARSON
1977,39,ASSAULT
5377,39,BATTERY
1675,39,BURGLARY
4,39,"CONCEALED CARRY LICENSE VIOLATION"
113,39,"CRIM SEXUAL ASSAULT"
3315,39,"CRIMINAL DAMAGE"
762,39,"CRIMINAL TRESPASS"
1574,39,"DECEPTIVE PRACTICE"
24,39,GAMBLING
41,39,HOMICIDE
1,39,"HUMAN TRAFFICKING"
122,39,"INTERFERENCE WITH PUBLIC OFFICER"
15,39,INTIMIDATION
17,39,KIDNAPPING
34,39,"LIQUOR LAW VIOLATION"
1317,39,"MOTOR VEHICLE THEFT"
2884,39,NARCOTICS
3,39,NON-CRIMINAL
1,39,"NON-CRIMINAL (SUBJECT SPECIFIED)"
8,39,OBSCENITY
225,39,"OFFENSE INVOLVING CHILDREN"
1,39,"OTHER NARCOTIC VIOLATION"
1935,39,"OTHER OFFENSE"
131,39,PROSTITUTION
266,39,"PUBLIC PEACE VIOLATION"
1146,39,ROBBERY
84,39,"SEX OFFENSE"
13,39,STALKING
6632,39,THEFT
385,39,"WEAPONS VIOLATION"
42,40,ARSON
1903,40,ASSAULT
5441,40,BATTERY
1755,40,BURGLARY
8,40,"CONCEALED CARRY LICENSE VIOLATION"
144,40,"CRIM SEXUAL ASSAULT"
3529,40,"CRIMINAL DAMAGE"
831,40,"CRIMINAL TRESPASS"
1739,40,"DECEPTIVE PRACTICE"
14,40,GAMBLING
54,40,HOMICIDE
133,40,"INTERFERENCE WITH PUBLIC OFFICER"
16,40,INTIMIDATION
31,40,KIDNAPPING
50,40,"LIQUOR LAW VIOLATION"
1417,40,"MOTOR VEHICLE THEFT"
2864,40,NARCOTICS
6,40,OBSCENITY
238,40,"OFFENSE INVOLVING CHILDREN"
2,40,"OTHER NARCOTIC VIOLATION"
1962,40,"OTHER OFFENSE"
168,40,PROSTITUTION
1,40,"PUBLIC INDECENCY"
235,40,"PUBLIC PEACE VIOLATION"
1259,40,ROBBERY
89,40,"SEX OFFENSE"
16,40,STALKING
7084,40,THEFT
420,40,"WEAPONS VIOLATION"
67,41,ARSON
2624,41,ASSAULT
7360,41,BATTERY
2433,41,BURGLARY
5,41,"CONCEALED CARRY LICENSE VIOLATION"
204,41,"CRIM SEXUAL ASSAULT"
4831,41,"CRIMINAL DAMAGE"
1081,41,"CRIMINAL TRESPASS"
2246,41,"DECEPTIVE PRACTICE"
33,41,GAMBLING
67,41,HOMICIDE
1,41,"HUMAN TRAFFICKING"
173,41,"INTERFERENCE WITH PUBLIC OFFICER"
17,41,INTIMIDATION
29,41,KIDNAPPING
57,41,"LIQUOR LAW VIOLATION"
1925,41,"MOTOR VEHICLE THEFT"
3520,41,NARCOTICS
2,41,NON-CRIMINAL
12,41,OBSCENITY
310,41,"OFFENSE INVOLVING CHILDREN"
3,41,"OTHER NARCOTIC VIOLATION"
2516,41,"OTHER OFFENSE"
211,41,PROSTITUTION
4,41,"PUBLIC INDECENCY"
330,41,"PUBLIC PEACE VIOLATION"
1692,41,ROBBERY
111,41,"SEX OFFENSE"
31,41,STALKING
9679,41,THEFT
571,41,"WEAPONS VIOLATION"
63,42,ARSON
2643,42,ASSAULT
7531,42,BATTERY
2421,42,BURGLARY
3,42,"CONCEALED CARRY LICENSE VIOLATION"
185,42,"CRIM SEXUAL ASSAULT"
4555,42,"CRIMINAL DAMAGE"
1079,42,"CRIMINAL TRESPASS"
2155,42,"DECEPTIVE PRACTICE"
35,42,GAMBLING
63,42,HOMICIDE
3,42,"HUMAN TRAFFICKING"
164,42,"INTERFERENCE WITH PUBLIC OFFICER"
20,42,INTIMIDATION
39,42,KIDNAPPING
46,42,"LIQUOR LAW VIOLATION"
1832,42,"MOTOR VEHICLE THEFT"
3752,42,NARCOTICS
6,42,NON-CRIMINAL
4,42,OBSCENITY
303,42,"OFFENSE INVOLVING CHILDREN"
1,42,"OTHER NARCOTIC VIOLATION"
2624,42,"OTHER OFFENSE"
255,42,PROSTITUTION
385,42,"PUBLIC PEACE VIOLATION"
1650,42,ROBBERY
126,42,"SEX OFFENSE"
39,42,STALKING
9431,42,THEFT
600,42,"WEAPONS VIOLATION"
62,43,ARSON
2564,43,ASSAULT
6602,43,BATTERY
2240,43,BURGLARY
4,43,"CONCEALED CARRY LICENSE VIOLATION"
178,43,"CRIM SEXUAL ASSAULT"
4332,43,"CRIMINAL DAMAGE"
997,43,"CRIMINAL TRESPASS"
2004,43,"DECEPTIVE PRACTICE"
37,43,GAMBLING
57,43,HOMICIDE
152,43,"INTERFERENCE WITH PUBLIC OFFICER"
20,43,INTIMIDATION
34,43,KIDNAPPING
56,43,"LIQUOR LAW VIOLATION"
1697,43,"MOTOR VEHICLE THEFT"
3496,43,NARCOTICS
3,43,NON-CRIMINAL
6,43,OBSCENITY
285,43,"OFFENSE INVOLVING CHILDREN"
3,43,"OTHER NARCOTIC VIOLATION"
2512,43,"OTHER OFFENSE"
229,43,PROSTITUTION
2,43,"PUBLIC INDECENCY"
307,43,"PUBLIC PEACE VIOLATION"
1481,43,ROBBERY
124,43,"SEX OFFENSE"
24,43,STALKING
8761,43,THEFT
532,43,"WEAPONS VIOLATION"
94,44,ARSON
3811,44,ASSAULT
11024,44,BATTERY
3769,44,BURGLARY
14,44,"CONCEALED CARRY LICENSE VIOLATION"
302,44,"CRIM SEXUAL ASSAULT"
7046,44,"CRIMINAL DAMAGE"
1588,44,"CRIMINAL TRESPASS"
2928,44,"DECEPTIVE PRACTICE"
73,44,GAMBLING
111,44,HOMICIDE
1,44,"HUMAN TRAFFICKING"
216,44,"INTERFERENCE WITH PUBLIC OFFICER"
26,44,INTIMIDATION
47,44,KIDNAPPING
84,44,"LIQUOR LAW VIOLATION"
2624,44,"MOTOR VEHICLE THEFT"
5666,44,NARCOTICS
1,44,"NON - CRIMINAL"
13,44,OBSCENITY
425,44,"OFFENSE INVOLVING CHILDREN"
2,44,"OTHER NARCOTIC VIOLATION"
3716,44,"OTHER OFFENSE"
332,44,PROSTITUTION
2,44,"PUBLIC INDECENCY"
505,44,"PUBLIC PEACE VIOLATION"
2443,44,ROBBERY
186,44,"SEX OFFENSE"
37,44,STALKING
13675,44,THEFT
800,44,"WEAPONS VIOLATION"
63,45,ARSON
2774,45,ASSAULT
7564,45,BATTERY
2652,45,BURGLARY
4,45,"CONCEALED CARRY LICENSE VIOLATION"
179,45,"CRIM SEXUAL ASSAULT"
4908,45,"CRIMINAL DAMAGE"
1138,45,"CRIMINAL TRESPASS"
2162,45,"DECEPTIVE PRACTICE"
48,45,GAMBLING
57,45,HOMICIDE
163,45,"INTERFERENCE WITH PUBLIC OFFICER"
22,45,INTIMIDATION
28,45,KIDNAPPING
52,45,"LIQUOR LAW VIOLATION"
1916,45,"MOTOR VEHICLE THEFT"
3979,45,NARCOTICS
1,45,NON-CRIMINAL
9,45,OBSCENITY
328,45,"OFFENSE INVOLVING CHILDREN"
1,45,"OTHER NARCOTIC VIOLATION"
2611,45,"OTHER OFFENSE"
233,45,PROSTITUTION
1,45,"PUBLIC INDECENCY"
345,45,"PUBLIC PEACE VIOLATION"
1687,45,ROBBERY
136,45,"SEX OFFENSE"
21,45,STALKING
9534,45,THEFT
555,45,"WEAPONS VIOLATION"
51,46,ARSON
2654,46,ASSAULT
7263,46,BATTERY
2302,46,BURGLARY
7,46,"CONCEALED CARRY LICENSE VIOLATION"
212,46,"CRIM SEXUAL ASSAULT"
4501,46,"CRIMINAL DAMAGE"
1059,46,"CRIMINAL TRESPASS"
2181,46,"DECEPTIVE PRACTICE"
31,46,GAMBLING
79,46,HOMICIDE
173,46,"INTERFERENCE WITH PUBLIC OFFICER"
30,46,INTIMIDATION
31,46,KIDNAPPING
53,46,"LIQUOR LAW VIOLATION"
1784,46,"MOTOR VEHICLE THEFT"
3137,46,NARCOTICS
5,46,NON-CRIMINAL
8,46,OBSCENITY
344,46,"OFFENSE INVOLVING CHILDREN"
2583,46,"OTHER OFFENSE"
174,46,PROSTITUTION
1,46,"PUBLIC INDECENCY"
297,46,"PUBLIC PEACE VIOLATION"
1726,46,ROBBERY
136,46,"SEX OFFENSE"
32,46,STALKING
9401,46,THEFT
570,46,"WEAPONS VIOLATION"
58,47,ARSON
2259,47,ASSAULT
6152,47,BATTERY
2065,47,BURGLARY
12,47,"CONCEALED CARRY LICENSE VIOLATION"
150,47,"CRIM SEXUAL ASSAULT"
3911,47,"CRIMINAL DAMAGE"
933,47,"CRIMINAL TRESPASS"
1877,47,"DECEPTIVE PRACTICE"
33,47,GAMBLING
58,47,HOMICIDE
124,47,"INTERFERENCE WITH PUBLIC OFFICER"
18,47,INTIMIDATION
28,47,KIDNAPPING
39,47,"LIQUOR LAW VIOLATION"
1585,47,"MOTOR VEHICLE THEFT"
3074,47,NARCOTICS
1,47,NON-CRIMINAL
12,47,OBSCENITY
252,47,"OFFENSE INVOLVING CHILDREN"
2,47,"OTHER NARCOTIC VIOLATION"
2158,47,"OTHER OFFENSE"
169,47,PROSTITUTION
2,47,"PUBLIC INDECENCY"
265,47,"PUBLIC PEACE VIOLATION"
1261,47,ROBBERY
109,47,"SEX OFFENSE"
16,47,STALKING
7783,47,THEFT
487,47,"WEAPONS VIOLATION"
62,48,ARSON
2627,48,ASSAULT
7118,48,BATTERY
2378,48,BURGLARY
5,48,"CONCEALED CARRY LICENSE VIOLATION"
177,48,"CRIM SEXUAL ASSAULT"
4300,48,"CRIMINAL DAMAGE"
1002,48,"CRIMINAL TRESPASS"
1937,48,"DECEPTIVE PRACTICE"
56,48,GAMBLING
68,48,HOMICIDE
166,48,"INTERFERENCE WITH PUBLIC OFFICER"
16,48,INTIMIDATION
28,48,KIDNAPPING
56,48,"LIQUOR LAW VIOLATION"
1629,48,"MOTOR VEHICLE THEFT"
3650,48,NARCOTICS
4,48,NON-CRIMINAL
4,48,OBSCENITY
316,48,"OFFENSE INVOLVING CHILDREN"
2370,48,"OTHER OFFENSE"
246,48,PROSTITUTION
338,48,"PUBLIC PEACE VIOLATION"
1551,48,ROBBERY
118,48,"SEX OFFENSE"
19,48,STALKING
8622,48,THEFT
552,48,"WEAPONS VIOLATION"
72,49,ARSON
2774,49,ASSAULT
8121,49,BATTERY
2737,49,BURGLARY
7,49,"CONCEALED CARRY LICENSE VIOLATION"
180,49,"CRIM SEXUAL ASSAULT"
4853,49,"CRIMINAL DAMAGE"
1090,49,"CRIMINAL TRESPASS"
2223,49,"DECEPTIVE PRACTICE"
70,49,GAMBLING
68,49,HOMICIDE
174,49,"INTERFERENCE WITH PUBLIC OFFICER"
32,49,INTIMIDATION
34,49,KIDNAPPING
80,49,"LIQUOR LAW VIOLATION"
1972,49,"MOTOR VEHICLE THEFT"
3930,49,NARCOTICS
3,49,NON-CRIMINAL
5,49,OBSCENITY
312,49,"OFFENSE INVOLVING CHILDREN"
2842,49,"OTHER OFFENSE"
259,49,PROSTITUTION
1,49,"PUBLIC INDECENCY"
395,49,"PUBLIC PEACE VIOLATION"
1730,49,ROBBERY
123,49,"SEX OFFENSE"
29,49,STALKING
9908,49,THEFT
597,49,"WEAPONS VIOLATION"
90,50,ARSON
2677,50,ASSAULT
7416,50,BATTERY
2559,50,BURGLARY
4,50,"CONCEALED CARRY LICENSE VIOLATION"
189,50,"CRIM SEXUAL ASSAULT"
4555,50,"CRIMINAL DAMAGE"
1056,50,"CRIMINAL TRESPASS"
2016,50,"DECEPTIVE PRACTICE"
56,50,GAMBLING
67,50,HOMICIDE
187,50,"INTERFERENCE WITH PUBLIC OFFICER"
12,50,INTIMIDATION
23,50,KIDNAPPING
46,50,"LIQUOR LAW VIOLATION"
1845,50,"MOTOR VEHICLE THEFT"
3946,50,NARCOTICS
2,50,NON-CRIMINAL
5,50,OBSCENITY
312,50,"OFFENSE INVOLVING CHILDREN"
2600,50,"OTHER OFFENSE"
212,50,PROSTITUTION
3,50,"PUBLIC INDECENCY"
355,50,"PUBLIC PEACE VIOLATION"
1715,50,ROBBERY
138,50,"SEX OFFENSE"
19,50,STALKING
9088,50,THEFT
561,50,"WEAPONS VIOLATION"
55,51,ARSON
2518,51,ASSAULT
6808,51,BATTERY
2337,51,BURGLARY
11,51,"CONCEALED CARRY LICENSE VIOLATION"
181,51,"CRIM SEXUAL ASSAULT"
4132,51,"CRIMINAL DAMAGE"
986,51,"CRIMINAL TRESPASS"
1943,51,"DECEPTIVE PRACTICE"
64,51,GAMBLING
57,51,HOMICIDE
148,51,"INTERFERENCE WITH PUBLIC OFFICER"
16,51,INTIMIDATION
35,51,KIDNAPPING
65,51,"LIQUOR LAW VIOLATION"
1629,51,"MOTOR VEHICLE THEFT"
3440,51,NARCOTICS
3,51,NON-CRIMINAL
8,51,OBSCENITY
289,51,"OFFENSE INVOLVING CHILDREN"
2314,51,"OTHER OFFENSE"
178,51,PROSTITUTION
374,51,"PUBLIC PEACE VIOLATION"
1448,51,ROBBERY
142,51,"SEX OFFENSE"
22,51,STALKING
8430,51,THEFT
547,51,"WEAPONS VIOLATION"
76,52,ARSON
2564,52,ASSAULT
7056,52,BATTERY
2354,52,BURGLARY
1,52,"CONCEALED CARRY LICENSE VIOLATION"
177,52,"CRIM SEXUAL ASSAULT"
4567,52,"CRIMINAL DAMAGE"
1074,52,"CRIMINAL TRESPASS"
2019,52,"DECEPTIVE PRACTICE"
62,52,GAMBLING
76,52,HOMICIDE
136,52,"INTERFERENCE WITH PUBLIC OFFICER"
20,52,INTIMIDATION
34,52,KIDNAPPING
62,52,"LIQUOR LAW VIOLATION"
1672,52,"MOTOR VEHICLE THEFT"
3560,52,NARCOTICS
1,52,"NON - CRIMINAL"
2,52,NON-CRIMINAL
10,52,OBSCENITY
284,52,"OFFENSE INVOLVING CHILDREN"
2430,52,"OTHER OFFENSE"
239,52,PROSTITUTION
1,52,"PUBLIC INDECENCY"
335,52,"PUBLIC PEACE VIOLATION"
1508,52,ROBBERY
97,52,"SEX OFFENSE"
25,52,STALKING
8976,52,THEFT
469,52,"WEAPONS VIOLATION"
41,53,ARSON
2195,53,ASSAULT
5794,53,BATTERY
1963,53,BURGLARY
4,53,"CONCEALED CARRY LICENSE VIOLATION"
143,53,"CRIM SEXUAL ASSAULT"
3528,53,"CRIMINAL DAMAGE"
923,53,"CRIMINAL TRESPASS"
1609,53,"DECEPTIVE PRACTICE"
50,53,GAMBLING
52,53,HOMICIDE
1,53,"HUMAN TRAFFICKING"
131,53,"INTERFERENCE WITH PUBLIC OFFICER"
15,53,INTIMIDATION
25,53,KIDNAPPING
33,53,"LIQUOR LAW VIOLATION"
1346,53,"MOTOR VEHICLE THEFT"
2791,53,NARCOTICS
1,53,"NON - CRIMINAL"
2,53,NON-CRIMINAL
3,53,OBSCENITY
230,53,"OFFENSE INVOLVING CHILDREN"
1972,53,"OTHER OFFENSE"
171,53,PROSTITUTION
2,53,"PUBLIC INDECENCY"
310,53,"PUBLIC PEACE VIOLATION"
1227,53,ROBBERY
108,53,"SEX OFFENSE"
17,53,STALKING
7125,53,THEFT
415,53,"WEAPONS VIOLATION"
58,54,ARSON
2361,54,ASSAULT
6668,54,BATTERY
2221,54,BURGLARY
167,54,"CRIM SEXUAL ASSAULT"
4304,54,"CRIMINAL DAMAGE"
885,54,"CRIMINAL TRESPASS"
1574,54,"DECEPTIVE PRACTICE"
65,54,GAMBLING
54,54,HOMICIDE
131,54,"INTERFERENCE WITH PUBLIC OFFICER"
15,54,INTIMIDATION
30,54,KIDNAPPING
62,54,"LIQUOR LAW VIOLATION"
1640,54,"MOTOR VEHICLE THEFT"
3455,54,NARCOTICS
1,54,"NON - CRIMINAL"
3,54,NON-CRIMINAL
5,54,OBSCENITY
259,54,"OFFENSE INVOLVING CHILDREN"
2195,54,"OTHER OFFENSE"
189,54,PROSTITUTION
356,54,"PUBLIC PEACE VIOLATION"
1444,54,ROBBERY
97,54,"SEX OFFENSE"
19,54,STALKING
7543,54,THEFT
469,54,"WEAPONS VIOLATION"
45,55,ARSON
2327,55,ASSAULT
6549,55,BATTERY
2205,55,BURGLARY
3,55,"CONCEALED CARRY LICENSE VIOLATION"
150,55,"CRIM SEXUAL ASSAULT"
4174,55,"CRIMINAL DAMAGE"
897,55,"CRIMINAL TRESPASS"
1643,55,"DECEPTIVE PRACTICE"
59,55,GAMBLING
58,55,HOMICIDE
2,55,"HUMAN TRAFFICKING"
110,55,"INTERFERENCE WITH PUBLIC OFFICER"
12,55,INTIMIDATION
30,55,KIDNAPPING
64,55,"LIQUOR LAW VIOLATION"
1657,55,"MOTOR VEHICLE THEFT"
2978,55,NARCOTICS
1,55,"NON - CRIMINAL"
2,55,NON-CRIMINAL
4,55,OBSCENITY
277,55,"OFFENSE INVOLVING CHILDREN"
2049,55,"OTHER OFFENSE"
143,55,PROSTITUTION
4,55,"PUBLIC INDECENCY"
314,55,"PUBLIC PEACE VIOLATION"
1389,55,ROBBERY
102,55,"SEX OFFENSE"
24,55,STALKING
7998,55,THEFT
485,55,"WEAPONS VIOLATION"
47,56,ARSON
2405,56,ASSAULT
7152,56,BATTERY
2030,56,BURGLARY
4,56,"CONCEALED CARRY LICENSE VIOLATION"
169,56,"CRIM SEXUAL ASSAULT"
4357,56,"CRIMINAL DAMAGE"
907,56,"CRIMINAL TRESPASS"
1658,56,"DECEPTIVE PRACTICE"
64,56,GAMBLING
80,56,HOMICIDE
1,56,"HUMAN TRAFFICKING"
147,56,"INTERFERENCE WITH PUBLIC OFFICER"
21,56,INTIMIDATION
28,56,KIDNAPPING
64,56,"LIQUOR LAW VIOLATION"
1577,56,"MOTOR VEHICLE THEFT"
3365,56,NARCOTICS
4,56,NON-CRIMINAL
3,56,OBSCENITY
263,56,"OFFENSE INVOLVING CHILDREN"
2185,56,"OTHER OFFENSE"
177,56,PROSTITUTION
1,56,"PUBLIC INDECENCY"
338,56,"PUBLIC PEACE VIOLATION"
1421,56,ROBBERY
111,56,"SEX OFFENSE"
22,56,STALKING
8070,56,THEFT
478,56,"WEAPONS VIOLATION"
68,57,ARSON
3034,57,ASSAULT
7993,57,BATTERY
3037,57,BURGLARY
6,57,"CONCEALED CARRY LICENSE VIOLATION"
222,57,"CRIM SEXUAL ASSAULT"
4869,57,"CRIMINAL DAMAGE"
1175,57,"CRIMINAL TRESPASS"
2198,57,"DECEPTIVE PRACTICE"
107,57,GAMBLING
76,57,HOMICIDE
1,57,"HUMAN TRAFFICKING"
186,57,"INTERFERENCE WITH PUBLIC OFFICER"
22,57,INTIMIDATION
30,57,KIDNAPPING
51,57,"LIQUOR LAW VIOLATION"
2002,57,"MOTOR VEHICLE THEFT"
4096,57,NARCOTICS
1,57,"NON - CRIMINAL"
1,57,NON-CRIMINAL
7,57,OBSCENITY
360,57,"OFFENSE INVOLVING CHILDREN"
1,57,"OTHER NARCOTIC VIOLATION"
2834,57,"OTHER OFFENSE"
224,57,PROSTITUTION
1,57,"PUBLIC INDECENCY"
406,57,"PUBLIC PEACE VIOLATION"
1762,57,ROBBERY
167,57,"SEX OFFENSE"
25,57,STALKING
10429,57,THEFT
588,57,"WEAPONS VIOLATION"
49,58,ARSON
2377,58,ASSAULT
6388,58,BATTERY
1986,58,BURGLARY
3,58,"CONCEALED CARRY LICENSE VIOLATION"
162,58,"CRIM SEXUAL ASSAULT"
3756,58,"CRIMINAL DAMAGE"
845,58,"CRIMINAL TRESPASS"
1696,58,"DECEPTIVE PRACTICE"
47,58,GAMBLING
69,58,HOMICIDE
143,58,"INTERFERENCE WITH PUBLIC OFFICER"
20,58,INTIMIDATION
21,58,KIDNAPPING
41,58,"LIQUOR LAW VIOLATION"
1395,58,"MOTOR VEHICLE THEFT"
2851,58,NARCOTICS
1,58,NON-CRIMINAL
9,58,OBSCENITY
222,58,"OFFENSE INVOLVING CHILDREN"
2,58,"OTHER NARCOTIC VIOLATION"
1940,58,"OTHER OFFENSE"
145,58,PROSTITUTION
305,58,"PUBLIC PEACE VIOLATION"
1436,58,ROBBERY
103,58,"SEX OFFENSE"
14,58,STALKING
7651,58,THEFT
490,58,"WEAPONS VIOLATION"
55,59,ARSON
2097,59,ASSAULT
5416,59,BATTERY
1824,59,BURGLARY
6,59,"CONCEALED CARRY LICENSE VIOLATION"
147,59,"CRIM SEXUAL ASSAULT"
3344,59,"CRIMINAL DAMAGE"
767,59,"CRIMINAL TRESPASS"
1467,59,"DECEPTIVE PRACTICE"
61,59,GAMBLING
67,59,HOMICIDE
1,59,"HUMAN TRAFFICKING"
119,59,"INTERFERENCE WITH PUBLIC OFFICER"
22,59,INTIMIDATION
13,59,KIDNAPPING
44,59,"LIQUOR LAW VIOLATION"
1302,59,"MOTOR VEHICLE THEFT"
2641,59,NARCOTICS
1,59,"NON - CRIMINAL"
1,59,NON-CRIMINAL
3,59,OBSCENITY
201,59,"OFFENSE INVOLVING CHILDREN"
1804,59,"OTHER OFFENSE"
210,59,PROSTITUTION
286,59,"PUBLIC PEACE VIOLATION"
1123,59,ROBBERY
117,59,"SEX OFFENSE"
27,59,STALKING
6832,59,THEFT
479,59,"WEAPONS VIOLATION"
72,60,ARSON
2550,60,ASSAULT
7124,60,BATTERY
2342,60,BURGLARY
2,60,"CONCEALED CARRY LICENSE VIOLATION"
199,60,"CRIM SEXUAL ASSAULT"
4332,60,"CRIMINAL DAMAGE"
927,60,"CRIMINAL TRESPASS"
1728,60,"DECEPTIVE PRACTICE"
89,60,GAMBLING
72,60,HOMICIDE
1,60,"HUMAN TRAFFICKING"
143,60,"INTERFERENCE WITH PUBLIC OFFICER"
24,60,INTIMIDATION
30,60,KIDNAPPING
53,60,"LIQUOR LAW VIOLATION"
1599,60,"MOTOR VEHICLE THEFT"
3239,60,NARCOTICS
1,60,"NON - CRIMINAL"
4,60,NON-CRIMINAL
6,60,OBSCENITY
284,60,"OFFENSE INVOLVING CHILDREN"
2241,60,"OTHER OFFENSE"
164,60,PROSTITUTION
2,60,"PUBLIC INDECENCY"
341,60,"PUBLIC PEACE VIOLATION"
1586,60,ROBBERY
142,60,"SEX OFFENSE"
19,60,STALKING
8786,60,THEFT
508,60,"WEAPONS VIOLATION"
76,61,ARSON
3512,61,ASSAULT
9156,61,BATTERY
2995,61,BURGLARY
10,61,"CONCEALED CARRY LICENSE VIOLATION"
213,61,"CRIM SEXUAL ASSAULT"
5453,61,"CRIMINAL DAMAGE"
1271,61,"CRIMINAL TRESPASS"
2292,61,"DECEPTIVE PRACTICE"
100,61,GAMBLING
92,61,HOMICIDE
1,61,"HUMAN TRAFFICKING"
176,61,"INTERFERENCE WITH PUBLIC OFFICER"
29,61,INTIMIDATION
40,61,KIDNAPPING
71,61,"LIQUOR LAW VIOLATION"
2206,61,"MOTOR VEHICLE THEFT"
4336,61,NARCOTICS
2,61,NON-CRIMINAL
1,61,"NON-CRIMINAL (SUBJECT SPECIFIED)"
6,61,OBSCENITY
345,61,"OFFENSE INVOLVING CHILDREN"
1,61,"OTHER NARCOTIC VIOLATION"
2909,61,"OTHER OFFENSE"
235,61,PROSTITUTION
4,61,"PUBLIC INDECENCY"
489,61,"PUBLIC PEACE VIOLATION"
2025,61,ROBBERY
170,61,"SEX OFFENSE"
31,61,STALKING
11217,61,THEFT
712,61,"WEAPONS VIOLATION"
52,62,ARSON
2525,62,ASSAULT
7176,62,BATTERY
2334,62,BURGLARY
4,62,"CONCEALED CARRY LICENSE VIOLATION"
173,62,"CRIM SEXUAL ASSAULT"
4135,62,"CRIMINAL DAMAGE"
958,62,"CRIMINAL TRESPASS"
2003,62,"DECEPTIVE PRACTICE"
90,62,GAMBLING
62,62,HOMICIDE
144,62,"INTERFERENCE WITH PUBLIC OFFICER"
16,62,INTIMIDATION
40,62,KIDNAPPING
54,62,"LIQUOR LAW VIOLATION"
1694,62,"MOTOR VEHICLE THEFT"
3418,62,NARCOTICS
3,62,"NON - CRIMINAL"
3,62,NON-CRIMINAL
7,62,OBSCENITY
264,62,"OFFENSE INVOLVING CHILDREN"
2278,62,"OTHER OFFENSE"
185,62,PROSTITUTION
2,62,"PUBLIC INDECENCY"
367,62,"PUBLIC PEACE VIOLATION"
1552,62,ROBBERY
128,62,"SEX OFFENSE"
18,62,STALKING
8726,62,THEFT
533,62,"WEAPONS VIOLATION"
78,63,ARSON
3005,63,ASSAULT
8022,63,BATTERY
2540,63,BURGLARY
3,63,"CONCEALED CARRY LICENSE VIOLATION"
176,63,"CRIM SEXUAL ASSAULT"
4662,63,"CRIMINAL DAMAGE"
1080,63,"CRIMINAL TRESPASS"
2020,63,"DECEPTIVE PRACTICE"
110,63,GAMBLING
92,63,HOMICIDE
1,63,"HUMAN TRAFFICKING"
155,63,"INTERFERENCE WITH PUBLIC OFFICER"
31,63,INTIMIDATION
26,63,KIDNAPPING
63,63,"LIQUOR LAW VIOLATION"
1814,63,"MOTOR VEHICLE THEFT"
3804,63,NARCOTICS
2,63,"NON - CRIMINAL"
4,63,NON-CRIMINAL
4,63,OBSCENITY
318,63,"OFFENSE INVOLVING CHILDREN"
2465,63,"OTHER OFFENSE"
219,63,PROSTITUTION
6,63,"PUBLIC INDECENCY"
398,63,"PUBLIC PEACE VIOLATION"
1701,63,ROBBERY
148,63,"SEX OFFENSE"
31,63,STALKING
9648,63,THEFT
596,63,"WEAPONS VIOLATION"
75,64,ARSON
3551,64,ASSAULT
9650,64,BATTERY
3325,64,BURGLARY
7,64,"CONCEALED CARRY LICENSE VIOLATION"
207,64,"CRIM SEXUAL ASSAULT"
5785,64,"CRIMINAL DAMAGE"
1359,64,"CRIMINAL TRESPASS"
2372,64,"DECEPTIVE PRACTICE"
151,64,GAMBLING
84,64,HOMICIDE
1,64,"HUMAN TRAFFICKING"
207,64,"INTERFERENCE WITH PUBLIC OFFICER"
20,64,INTIMIDATION
40,64,KIDNAPPING
84,64,"LIQUOR LAW VIOLATION"
2357,64,"MOTOR VEHICLE THEFT"
4675,64,NARCOTICS
2,64,"NON - CRIMINAL"
1,64,NON-CRIMINAL
9,64,OBSCENITY
370,64,"OFFENSE INVOLVING CHILDREN"
1,64,"OTHER NARCOTIC VIOLATION"
3212,64,"OTHER OFFENSE"
322,64,PROSTITUTION
4,64,"PUBLIC INDECENCY"
567,64,"PUBLIC PEACE VIOLATION"
2084,64,ROBBERY
199,64,"SEX OFFENSE"
33,64,STALKING
12441,64,THEFT
747,64,"WEAPONS VIOLATION"
60,65,ARSON
2346,65,ASSAULT
6178,65,BATTERY
2041,65,BURGLARY
6,65,"CONCEALED CARRY LICENSE VIOLATION"
176,65,"CRIM SEXUAL ASSAULT"
3559,65,"CRIMINAL DAMAGE"
843,65,"CRIMINAL TRESPASS"
1737,65,"DECEPTIVE PRACTICE"
79,65,GAMBLING
62,65,HOMICIDE
1,65,"HUMAN TRAFFICKING"
138,65,"INTERFERENCE WITH PUBLIC OFFICER"
10,65,INTIMIDATION
19,65,KIDNAPPING
46,65,"LIQUOR LAW VIOLATION"
1407,65,"MOTOR VEHICLE THEFT"
2838,65,NARCOTICS
1,65,NON-CRIMINAL
5,65,OBSCENITY
272,65,"OFFENSE INVOLVING CHILDREN"
1,65,"OTHER NARCOTIC VIOLATION"
2074,65,"OTHER OFFENSE"
153,65,PROSTITUTION
3,65,"PUBLIC INDECENCY"
296,65,"PUBLIC PEACE VIOLATION"
1308,65,ROBBERY
108,65,"SEX OFFENSE"
19,65,STALKING
7888,65,THEFT
515,65,"WEAPONS VIOLATION"
83,66,ARSON
3276,66,ASSAULT
9027,66,BATTERY
2950,66,BURGLARY
13,66,"CONCEALED CARRY LICENSE VIOLATION"
232,66,"CRIM SEXUAL ASSAULT"
5385,66,"CRIMINAL DAMAGE"
1341,66,"CRIMINAL TRESPASS"
2571,66,"DECEPTIVE PRACTICE"
137,66,GAMBLING
99,66,HOMICIDE
2,66,"HUMAN TRAFFICKING"
239,66,"INTERFERENCE WITH PUBLIC OFFICER"
26,66,INTIMIDATION
37,66,KIDNAPPING
67,66,"LIQUOR LAW VIOLATION"
2010,66,"MOTOR VEHICLE THEFT"
4079,66,NARCOTICS
3,66,NON-CRIMINAL
8,66,OBSCENITY
370,66,"OFFENSE INVOLVING CHILDREN"
2,66,"OTHER NARCOTIC VIOLATION"
2976,66,"OTHER OFFENSE"
275,66,PROSTITUTION
2,66,"PUBLIC INDECENCY"
420,66,"PUBLIC PEACE VIOLATION"
1999,66,ROBBERY
160,66,"SEX OFFENSE"
27,66,STALKING
11765,66,THEFT
742,66,"WEAPONS VIOLATION"
61,67,ARSON
3148,67,ASSAULT
8723,67,BATTERY
2636,67,BURGLARY
2,67,"CONCEALED CARRY LICENSE VIOLATION"
215,67,"CRIM SEXUAL ASSAULT"
5011,67,"CRIMINAL DAMAGE"
1155,67,"CRIMINAL TRESPASS"
2061,67,"DECEPTIVE PRACTICE"
110,67,GAMBLING
95,67,HOMICIDE
203,67,"INTERFERENCE WITH PUBLIC OFFICER"
18,67,INTIMIDATION
36,67,KIDNAPPING
61,67,"LIQUOR LAW VIOLATION"
1806,67,"MOTOR VEHICLE THEFT"
3688,67,NARCOTICS
2,67,"NON - CRIMINAL"
1,67,NON-CRIMINAL
11,67,OBSCENITY
266,67,"OFFENSE INVOLVING CHILDREN"
2715,67,"OTHER OFFENSE"
216,67,PROSTITUTION
419,67,"PUBLIC PEACE VIOLATION"
1801,67,ROBBERY
153,67,"SEX OFFENSE"
24,67,STALKING
10488,67,THEFT
605,67,"WEAPONS VIOLATION"
61,68,ARSON
2927,68,ASSAULT
7990,68,BATTERY
2548,68,BURGLARY
7,68,"CONCEALED CARRY LICENSE VIOLATION"
200,68,"CRIM SEXUAL ASSAULT"
4620,68,"CRIMINAL DAMAGE"
1148,68,"CRIMINAL TRESPASS"
2150,68,"DECEPTIVE PRACTICE"
96,68,GAMBLING
94,68,HOMICIDE
181,68,"INTERFERENCE WITH PUBLIC OFFICER"
36,68,INTIMIDATION
26,68,KIDNAPPING
54,68,"LIQUOR LAW VIOLATION"
1791,68,"MOTOR VEHICLE THEFT"
3532,68,NARCOTICS
1,68,"NON - CRIMINAL"
3,68,NON-CRIMINAL
2,68,OBSCENITY
299,68,"OFFENSE INVOLVING CHILDREN"
2,68,"OTHER NARCOTIC VIOLATION"
2435,68,"OTHER OFFENSE"
228,68,PROSTITUTION
3,68,"PUBLIC INDECENCY"
408,68,"PUBLIC PEACE VIOLATION"
1700,68,ROBBERY
148,68,"SEX OFFENSE"
32,68,STALKING
9879,68,THEFT
596,68,"WEAPONS VIOLATION"
87,69,ARSON
4101,69,ASSAULT
11639,69,BATTERY
3685,69,BURGLARY
8,69,"CONCEALED CARRY LICENSE VIOLATION"
285,69,"CRIM SEXUAL ASSAULT"
6665,69,"CRIMINAL DAMAGE"
1547,69,"CRIMINAL TRESPASS"
2540,69,"DECEPTIVE PRACTICE"
177,69,GAMBLING
113,69,HOMICIDE
1,69,"HUMAN TRAFFICKING"
256,69,"INTERFERENCE WITH PUBLIC OFFICER"
26,69,INTIMIDATION
40,69,KIDNAPPING
91,69,"LIQUOR LAW VIOLATION"
2759,69,"MOTOR VEHICLE THEFT"
5217,69,NARCOTICS
1,69,"NON - CRIMINAL"
3,69,NON-CRIMINAL
7,69,OBSCENITY
354,69,"OFFENSE INVOLVING CHILDREN"
3,69,"OTHER NARCOTIC VIOLATION"
3379,69,"OTHER OFFENSE"
388,69,PROSTITUTION
4,69,"PUBLIC INDECENCY"
580,69,"PUBLIC PEACE VIOLATION"
2392,69,ROBBERY
214,69,"SEX OFFENSE"
31,69,STALKING
14164,69,THEFT
871,69,"WEAPONS VIOLATION"
97,70,ARSON
3832,70,ASSAULT
10859,70,BATTERY
2975,70,BURGLARY
8,70,"CONCEALED CARRY LICENSE VIOLATION"
304,70,"CRIM SEXUAL ASSAULT"
6208,70,"CRIMINAL DAMAGE"
1346,70,"CRIMINAL TRESPASS"
2598,70,"DECEPTIVE PRACTICE"
135,70,GAMBLING
143,70,HOMICIDE
4,70,"HUMAN TRAFFICKING"
216,70,"INTERFERENCE WITH PUBLIC OFFICER"
20,70,INTIMIDATION
40,70,KIDNAPPING
99,70,"LIQUOR LAW VIOLATION"
2337,70,"MOTOR VEHICLE THEFT"
4537,70,NARCOTICS
3,70,"NON - CRIMINAL"
5,70,NON-CRIMINAL
1,70,"NON-CRIMINAL (SUBJECT SPECIFIED)"
10,70,OBSCENITY
409,70,"OFFENSE INVOLVING CHILDREN"
1,70,"OTHER NARCOTIC VIOLATION"
3213,70,"OTHER OFFENSE"
236,70,PROSTITUTION
2,70,"PUBLIC INDECENCY"
589,70,"PUBLIC PEACE VIOLATION"
2181,70,ROBBERY
192,70,"SEX OFFENSE"
56,70,STALKING
12981,70,THEFT
769,70,"WEAPONS VIOLATION"
75,71,ARSON
3632,71,ASSAULT
9850,71,BATTERY
3039,71,BURGLARY
7,71,"CONCEALED CARRY LICENSE VIOLATION"
257,71,"CRIM SEXUAL ASSAULT"
5710,71,"CRIMINAL DAMAGE"
1263,71,"CRIMINAL TRESPASS"
2539,71,"DECEPTIVE PRACTICE"
140,71,GAMBLING
93,71,HOMICIDE
238,71,"INTERFERENCE WITH PUBLIC OFFICER"
28,71,INTIMIDATION
55,71,KIDNAPPING
77,71,"LIQUOR LAW VIOLATION"
2156,71,"MOTOR VEHICLE THEFT"
4434,71,NARCOTICS
6,71,NON-CRIMINAL
5,71,OBSCENITY
373,71,"OFFENSE INVOLVING CHILDREN"
3165,71,"OTHER OFFENSE"
300,71,PROSTITUTION
2,71,"PUBLIC INDECENCY"
494,71,"PUBLIC PEACE VIOLATION"
2121,71,ROBBERY
187,71,"SEX OFFENSE"
34,71,STALKING
12218,71,THEFT
803,71,"WEAPONS VIOLATION"
95,72,ARSON
3739,72,ASSAULT
10549,72,BATTERY
3078,72,BURGLARY
7,72,"CONCEALED CARRY LICENSE VIOLATION"
263,72,"CRIM SEXUAL ASSAULT"
5798,72,"CRIMINAL DAMAGE"
1367,72,"CRIMINAL TRESPASS"
2547,72,"DECEPTIVE PRACTICE"
113,72,GAMBLING
105,72,HOMICIDE
236,72,"INTERFERENCE WITH PUBLIC OFFICER"
32,72,INTIMIDATION
42,72,KIDNAPPING
81,72,"LIQUOR LAW VIOLATION"
2264,72,"MOTOR VEHICLE THEFT"
4329,72,NARCOTICS
1,72,"NON - CRIMINAL"
1,72,"NON-CRIMINAL (SUBJECT SPECIFIED)"
7,72,OBSCENITY
372,72,"OFFENSE INVOLVING CHILDREN"
4,72,"OTHER NARCOTIC VIOLATION"
3213,72,"OTHER OFFENSE"
261,72,PROSTITUTION
1,72,"PUBLIC INDECENCY"
491,72,"PUBLIC PEACE VIOLATION"
2111,72,ROBBERY
209,72,"SEX OFFENSE"
41,72,STALKING
12400,72,THEFT
781,72,"WEAPONS VIOLATION"
111,73,ARSON
4415,73,ASSAULT
13103,73,BATTERY
3758,73,BURGLARY
3,73,"CONCEALED CARRY LICENSE VIOLATION"
338,73,"CRIM SEXUAL ASSAULT"
7432,73,"CRIMINAL DAMAGE"
1621,73,"CRIMINAL TRESPASS"
2892,73,"DECEPTIVE PRACTICE"
192,73,GAMBLING
124,73,HOMICIDE
1,73,"HUMAN TRAFFICKING"
241,73,"INTERFERENCE WITH PUBLIC OFFICER"
32,73,INTIMIDATION
53,73,KIDNAPPING
112,73,"LIQUOR LAW VIOLATION"
2661,73,"MOTOR VEHICLE THEFT"
5123,73,NARCOTICS
1,73,"NON - CRIMINAL"
4,73,NON-CRIMINAL
14,73,OBSCENITY
476,73,"OFFENSE INVOLVING CHILDREN"
1,73,"OTHER NARCOTIC VIOLATION"
3827,73,"OTHER OFFENSE"
342,73,PROSTITUTION
4,73,"PUBLIC INDECENCY"
569,73,"PUBLIC PEACE VIOLATION"
2610,73,ROBBERY
234,73,"SEX OFFENSE"
34,73,STALKING
15583,73,THEFT
873,73,"WEAPONS VIOLATION"
97,74,ARSON
4065,74,ASSAULT
11456,74,BATTERY
3342,74,BURGLARY
5,74,"CONCEALED CARRY LICENSE VIOLATION"
302,74,"CRIM SEXUAL ASSAULT"
6377,74,"CRIMINAL DAMAGE"
1413,74,"CRIMINAL TRESPASS"
2805,74,"DECEPTIVE PRACTICE"
138,74,GAMBLING
122,74,HOMICIDE
1,74,"HUMAN TRAFFICKING"
269,74,"INTERFERENCE WITH PUBLIC OFFICER"
25,74,INTIMIDATION
57,74,KIDNAPPING
98,74,"LIQUOR LAW VIOLATION"
2457,74,"MOTOR VEHICLE THEFT"
5076,74,NARCOTICS
6,74,NON-CRIMINAL
11,74,OBSCENITY
444,74,"OFFENSE INVOLVING CHILDREN"
2,74,"OTHER NARCOTIC VIOLATION"
3627,74,"OTHER OFFENSE"
325,74,PROSTITUTION
1,74,"PUBLIC INDECENCY"
526,74,"PUBLIC PEACE VIOLATION"
2276,74,ROBBERY
244,74,"SEX OFFENSE"
36,74,STALKING
13709,74,THEFT
859,74,"WEAPONS VIOLATION"
100,75,ARSON
3943,75,ASSAULT
11050,75,BATTERY
3467,75,BURGLARY
6,75,"CONCEALED CARRY LICENSE VIOLATION"
283,75,"CRIM SEXUAL ASSAULT"
6305,75,"CRIMINAL DAMAGE"
1399,75,"CRIMINAL TRESPASS"
2846,75,"DECEPTIVE PRACTICE"
149,75,GAMBLING
132,75,HOMICIDE
1,75,"HUMAN TRAFFICKING"
254,75,"INTERFERENCE WITH PUBLIC OFFICER"
28,75,INTIMIDATION
47,75,KIDNAPPING
73,75,"LIQUOR LAW VIOLATION"
2315,75,"MOTOR VEHICLE THEFT"
4449,75,NARCOTICS
1,75,"NON - CRIMINAL"
3,75,NON-CRIMINAL
7,75,OBSCENITY
378,75,"OFFENSE INVOLVING CHILDREN"
1,75,"OTHER NARCOTIC VIOLATION"
3343,75,"OTHER OFFENSE"
272,75,PROSTITUTION
1,75,"PUBLIC INDECENCY"
481,75,"PUBLIC PEACE VIOLATION"
2275,75,ROBBERY
218,75,"SEX OFFENSE"
26,75,STALKING
13442,75,THEFT
753,75,"WEAPONS VIOLATION"
61,76,ARSON
3131,76,ASSAULT
9232,76,BATTERY
3010,76,BURGLARY
4,76,"CONCEALED CARRY LICENSE VIOLATION"
249,76,"CRIM SEXUAL ASSAULT"
5288,76,"CRIMINAL DAMAGE"
1179,76,"CRIMINAL TRESPASS"
2151,76,"DECEPTIVE PRACTICE"
145,76,GAMBLING
107,76,HOMICIDE
1,76,"HUMAN TRAFFICKING"
218,76,"INTERFERENCE WITH PUBLIC OFFICER"
27,76,INTIMIDATION
25,76,KIDNAPPING
77,76,"LIQUOR LAW VIOLATION"
2074,76,"MOTOR VEHICLE THEFT"
3792,76,NARCOTICS
2,76,"NON - CRIMINAL"
3,76,NON-CRIMINAL
8,76,OBSCENITY
371,76,"OFFENSE INVOLVING CHILDREN"
1,76,"OTHER NARCOTIC VIOLATION"
2750,76,"OTHER OFFENSE"
247,76,PROSTITUTION
2,76,"PUBLIC INDECENCY"
396,76,"PUBLIC PEACE VIOLATION"
1867,76,ROBBERY
186,76,"SEX OFFENSE"
26,76,STALKING
11068,76,THEFT
677,76,"WEAPONS VIOLATION"
112,77,ARSON
4870,77,ASSAULT
13583,77,BATTERY
4173,77,BURGLARY
14,77,"CONCEALED CARRY LICENSE VIOLATION"
364,77,"CRIM SEXUAL ASSAULT"
7669,77,"CRIMINAL DAMAGE"
1710,77,"CRIMINAL TRESPASS"
3351,77,"DECEPTIVE PRACTICE"
172,77,GAMBLING
149,77,HOMICIDE
2,77,"HUMAN TRAFFICKING"
287,77,"INTERFERENCE WITH PUBLIC OFFICER"
37,77,INTIMIDATION
56,77,KIDNAPPING
109,77,"LIQUOR LAW VIOLATION"
3012,77,"MOTOR VEHICLE THEFT"
5559,77,NARCOTICS
1,77,"NON - CRIMINAL"
8,77,NON-CRIMINAL
5,77,OBSCENITY
459,77,"OFFENSE INVOLVING CHILDREN"
2,77,"OTHER NARCOTIC VIOLATION"
4072,77,"OTHER OFFENSE"
303,77,PROSTITUTION
6,77,"PUBLIC INDECENCY"
590,77,"PUBLIC PEACE VIOLATION"
2755,77,ROBBERY
272,77,"SEX OFFENSE"
39,77,STALKING
16021,77,THEFT
965,77,"WEAPONS VIOLATION"
65,78,ARSON
3019,78,ASSAULT
8575,78,BATTERY
2617,78,BURGLARY
6,78,"CONCEALED CARRY LICENSE VIOLATION"
230,78,"CRIM SEXUAL ASSAULT"
4803,78,"CRIMINAL DAMAGE"
1094,78,"CRIMINAL TRESPASS"
2115,78,"DECEPTIVE PRACTICE"
114,78,GAMBLING
111,78,HOMICIDE
1,78,"HUMAN TRAFFICKING"
190,78,"INTERFERENCE WITH PUBLIC OFFICER"
15,78,INTIMIDATION
30,78,KIDNAPPING
52,78,"LIQUOR LAW VIOLATION"
1856,78,"MOTOR VEHICLE THEFT"
3288,78,NARCOTICS
2,78,"NON - CRIMINAL"
3,78,NON-CRIMINAL
6,78,OBSCENITY
299,78,"OFFENSE INVOLVING CHILDREN"
2463,78,"OTHER OFFENSE"
197,78,PROSTITUTION
1,78,"PUBLIC INDECENCY"
363,78,"PUBLIC PEACE VIOLATION"
1844,78,ROBBERY
168,78,"SEX OFFENSE"
32,78,STALKING
10637,78,THEFT
631,78,"WEAPONS VIOLATION"
103,79,ARSON
3815,79,ASSAULT
11061,79,BATTERY
3558,79,BURGLARY
9,79,"CONCEALED CARRY LICENSE VIOLATION"
327,79,"CRIM SEXUAL ASSAULT"
6360,79,"CRIMINAL DAMAGE"
1328,79,"CRIMINAL TRESPASS"
2606,79,"DECEPTIVE PRACTICE"
152,79,GAMBLING
110,79,HOMICIDE
2,79,"HUMAN TRAFFICKING"
225,79,"INTERFERENCE WITH PUBLIC OFFICER"
40,79,INTIMIDATION
36,79,KIDNAPPING
84,79,"LIQUOR LAW VIOLATION"
2549,79,"MOTOR VEHICLE THEFT"
4655,79,NARCOTICS
1,79,NON-CRIMINAL
9,79,OBSCENITY
425,79,"OFFENSE INVOLVING CHILDREN"
1,79,"OTHER NARCOTIC VIOLATION"
3272,79,"OTHER OFFENSE"
311,79,PROSTITUTION
2,79,"PUBLIC INDECENCY"
435,79,"PUBLIC PEACE VIOLATION"
2347,79,ROBBERY
204,79,"SEX OFFENSE"
19,79,STALKING
13619,79,THEFT
786,79,"WEAPONS VIOLATION"
82,80,ARSON
2720,80,ASSAULT
8081,80,BATTERY
2532,80,BURGLARY
4,80,"CONCEALED CARRY LICENSE VIOLATION"
198,80,"CRIM SEXUAL ASSAULT"
4490,80,"CRIMINAL DAMAGE"
966,80,"CRIMINAL TRESPASS"
1663,80,"DECEPTIVE PRACTICE"
112,80,GAMBLING
99,80,HOMICIDE
1,80,"HUMAN TRAFFICKING"
147,80,"INTERFERENCE WITH PUBLIC OFFICER"
33,80,INTIMIDATION
25,80,KIDNAPPING
47,80,"LIQUOR LAW VIOLATION"
1764,80,"MOTOR VEHICLE THEFT"
3081,80,NARCOTICS
4,80,NON-CRIMINAL
3,80,OBSCENITY
261,80,"OFFENSE INVOLVING CHILDREN"
1,80,"OTHER NARCOTIC VIOLATION"
2198,80,"OTHER OFFENSE"
139,80,PROSTITUTION
1,80,"PUBLIC INDECENCY"
337,80,"PUBLIC PEACE VIOLATION"
1672,80,ROBBERY
163,80,"SEX OFFENSE"
20,80,STALKING
9203,80,THEFT
504,80,"WEAPONS VIOLATION"
40,81,ARSON
1787,81,ASSAULT
4906,81,BATTERY
1602,81,BURGLARY
6,81,"CONCEALED CARRY LICENSE VIOLATION"
126,81,"CRIM SEXUAL ASSAULT"
2801,81,"CRIMINAL DAMAGE"
605,81,"CRIMINAL TRESPASS"
1186,81,"DECEPTIVE PRACTICE"
53,81,GAMBLING
67,81,HOMICIDE
2,81,"HUMAN TRAFFICKING"
110,81,"INTERFERENCE WITH PUBLIC OFFICER"
9,81,INTIMIDATION
18,81,KIDNAPPING
34,81,"LIQUOR LAW VIOLATION"
1142,81,"MOTOR VEHICLE THEFT"
2051,81,NARCOTICS
3,81,OBSCENITY
185,81,"OFFENSE INVOLVING CHILDREN"
1,81,"OTHER NARCOTIC VIOLATION"
1528,81,"OTHER OFFENSE"
117,81,PROSTITUTION
1,81,"PUBLIC INDECENCY"
209,81,"PUBLIC PEACE VIOLATION"
1023,81,ROBBERY
98,81,"SEX OFFENSE"
12,81,STALKING
6009,81,THEFT
338,81,"WEAPONS VIOLATION"
39,82,ARSON
1513,82,ASSAULT
4628,82,BATTERY
1549,82,BURGLARY
2,82,"CONCEALED CARRY LICENSE VIOLATION"
112,82,"CRIM SEXUAL ASSAULT"
2715,82,"CRIMINAL DAMAGE"
535,82,"CRIMINAL TRESPASS"
999,82,"DECEPTIVE PRACTICE"
64,82,GAMBLING
56,82,HOMICIDE
91,82,"INTERFERENCE WITH PUBLIC OFFICER"
14,82,INTIMIDATION
10,82,KIDNAPPING
37,82,"LIQUOR LAW VIOLATION"
1108,82,"MOTOR VEHICLE THEFT"
2063,82,NARCOTICS
1,82,OBSCENITY
154,82,"OFFENSE INVOLVING CHILDREN"
1,82,"OTHER NARCOTIC VIOLATION"
1377,82,"OTHER OFFENSE"
133,82,PROSTITUTION
2,82,"PUBLIC INDECENCY"
165,82,"PUBLIC PEACE VIOLATION"
943,82,ROBBERY
97,82,"SEX OFFENSE"
11,82,STALKING
5474,82,THEFT
277,82,"WEAPONS VIOLATION"
28,83,ARSON
1354,83,ASSAULT
3888,83,BATTERY
1220,83,BURGLARY
3,83,"CONCEALED CARRY LICENSE VIOLATION"
93,83,"CRIM SEXUAL ASSAULT"
2188,83,"CRIMINAL DAMAGE"
494,83,"CRIMINAL TRESPASS"
859,83,"DECEPTIVE PRACTICE"
56,83,GAMBLING
36,83,HOMICIDE
77,83,"INTERFERENCE WITH PUBLIC OFFICER"
9,83,INTIMIDATION
12,83,KIDNAPPING
31,83,"LIQUOR LAW VIOLATION"
880,83,"MOTOR VEHICLE THEFT"
1583,83,NARCOTICS
2,83,NON-CRIMINAL
1,83,OBSCENITY
130,83,"OFFENSE INVOLVING CHILDREN"
1136,83,"OTHER OFFENSE"
78,83,PROSTITUTION
1,83,"PUBLIC INDECENCY"
153,83,"PUBLIC PEACE VIOLATION"
781,83,ROBBERY
71,83,"SEX OFFENSE"
16,83,STALKING
4405,83,THEFT
281,83,"WEAPONS VIOLATION"
18,84,ARSON
652,84,ASSAULT
2063,84,BATTERY
567,84,BURGLARY
4,84,"CONCEALED CARRY LICENSE VIOLATION"
51,84,"CRIM SEXUAL ASSAULT"
1050,84,"CRIMINAL DAMAGE"
208,84,"CRIMINAL TRESPASS"
421,84,"DECEPTIVE PRACTICE"
17,84,GAMBLING
26,84,HOMICIDE
43,84,"INTERFERENCE WITH PUBLIC OFFICER"
6,84,INTIMIDATION
10,84,KIDNAPPING
17,84,"LIQUOR LAW VIOLATION"
431,84,"MOTOR VEHICLE THEFT"
787,84,NARCOTICS
2,84,OBSCENITY
61,84,"OFFENSE INVOLVING CHILDREN"
522,84,"OTHER OFFENSE"
55,84,PROSTITUTION
1,84,"PUBLIC INDECENCY"
78,84,"PUBLIC PEACE VIOLATION"
369,84,ROBBERY
31,84,"SEX OFFENSE"
4,84,STALKING
2347,84,THEFT
163,84,"WEAPONS VIOLATION"
10,85,ARSON
595,85,ASSAULT
1699,85,BATTERY
500,85,BURGLARY
3,85,"CONCEALED CARRY LICENSE VIOLATION"
54,85,"CRIM SEXUAL ASSAULT"
897,85,"CRIMINAL DAMAGE"
203,85,"CRIMINAL TRESPASS"
381,85,"DECEPTIVE PRACTICE"
13,85,GAMBLING
17,85,HOMICIDE
42,85,"INTERFERENCE WITH PUBLIC OFFICER"
4,85,INTIMIDATION
4,85,KIDNAPPING
7,85,"LIQUOR LAW VIOLATION"
321,85,"MOTOR VEHICLE THEFT"
621,85,NARCOTICS
5,85,OBSCENITY
61,85,"OFFENSE INVOLVING CHILDREN"
464,85,"OTHER OFFENSE"
42,85,PROSTITUTION
63,85,"PUBLIC PEACE VIOLATION"
302,85,ROBBERY
28,85,"SEX OFFENSE"
9,85,STALKING
1911,85,THEFT
160,85,"WEAPONS VIOLATION"
15,86,ARSON
673,86,ASSAULT
2113,86,BATTERY
722,86,BURGLARY
31,86,"CRIM SEXUAL ASSAULT"
1142,86,"CRIMINAL DAMAGE"
299,86,"CRIMINAL TRESPASS"
383,86,"DECEPTIVE PRACTICE"
26,86,GAMBLING
21,86,HOMICIDE
47,86,"INTERFERENCE WITH PUBLIC OFFICER"
9,86,INTIMIDATION
6,86,KIDNAPPING
18,86,"LIQUOR LAW VIOLATION"
525,86,"MOTOR VEHICLE THEFT"
1003,86,NARCOTICS
1,86,OBSCENITY
79,86,"OFFENSE INVOLVING CHILDREN"
573,86,"OTHER OFFENSE"
59,86,PROSTITUTION
1,86,"PUBLIC INDECENCY"
105,86,"PUBLIC PEACE VIOLATION"
412,86,ROBBERY
36,86,"SEX OFFENSE"
5,86,STALKING
2383,86,THEFT
162,86,"WEAPONS VIOLATION"
5,87,ARSON
285,87,ASSAULT
845,87,BATTERY
328,87,BURGLARY
1,87,"CONCEALED CARRY LICENSE VIOLATION"
14,87,"CRIM SEXUAL ASSAULT"
491,87,"CRIMINAL DAMAGE"
107,87,"CRIMINAL TRESPASS"
203,87,"DECEPTIVE PRACTICE"
18,87,GAMBLING
11,87,HOMICIDE
23,87,"INTERFERENCE WITH PUBLIC OFFICER"
1,87,INTIMIDATION
3,87,KIDNAPPING
4,87,"LIQUOR LAW VIOLATION"
201,87,"MOTOR VEHICLE THEFT"
477,87,NARCOTICS
34,87,"OFFENSE INVOLVING CHILDREN"
1,87,"OTHER NARCOTIC VIOLATION"
230,87,"OTHER OFFENSE"
40,87,PROSTITUTION
47,87,"PUBLIC PEACE VIOLATION"
200,87,ROBBERY
13,87,"SEX OFFENSE"
1,87,STALKING
1144,87,THEFT
59,87,"WEAPONS VIOLATION"
48,88,ASSAULT
139,88,BATTERY
75,88,BURGLARY
3,88,"CRIM SEXUAL ASSAULT"
107,88,"CRIMINAL DAMAGE"
17,88,"CRIMINAL TRESPASS"
40,88,"DECEPTIVE PRACTICE"
1,88,GAMBLING
4,88,"INTERFERENCE WITH PUBLIC OFFICER"
47,88,"MOTOR VEHICLE THEFT"
100,88,NARCOTICS
4,88,"OFFENSE INVOLVING CHILDREN"
52,88,"OTHER OFFENSE"
7,88,PROSTITUTION
4,88,"PUBLIC PEACE VIOLATION"
35,88,ROBBERY
2,88,"SEX OFFENSE"
237,88,THEFT
11,88,"WEAPONS VIOLATION"
1,89,ARSON
124,89,ASSAULT
368,89,BATTERY
129,89,BURGLARY
6,89,"CRIM SEXUAL ASSAULT"
207,89,"CRIMINAL DAMAGE"
49,89,"CRIMINAL TRESPASS"
70,89,"DECEPTIVE PRACTICE"
2,89,GAMBLING
3,89,HOMICIDE
10,89,"INTERFERENCE WITH PUBLIC OFFICER"
2,89,INTIMIDATION
1,89,KIDNAPPING
1,89,"LIQUOR LAW VIOLATION"
86,89,"MOTOR VEHICLE THEFT"
194,89,NARCOTICS
9,89,"OFFENSE INVOLVING CHILDREN"
92,89,"OTHER OFFENSE"
9,89,PROSTITUTION
1,89,"PUBLIC INDECENCY"
24,89,"PUBLIC PEACE VIOLATION"
88,89,ROBBERY
4,89,"SEX OFFENSE"
4,89,STALKING
477,89,THEFT
22,89,"WEAPONS VIOLATION"
1,91,ARSON
134,91,ASSAULT
494,91,BATTERY
118,91,BURGLARY
10,91,"CRIM SEXUAL ASSAULT"
252,91,"CRIMINAL DAMAGE"
45,91,"CRIMINAL TRESPASS"
55,91,"DECEPTIVE PRACTICE"
6,91,GAMBLING
7,91,HOMICIDE
11,91,"INTERFERENCE WITH PUBLIC OFFICER"
1,91,INTIMIDATION
8,91,KIDNAPPING
1,91,"LIQUOR LAW VIOLATION"
74,91,"MOTOR VEHICLE THEFT"
196,91,NARCOTICS
14,91,"OFFENSE INVOLVING CHILDREN"
97,91,"OTHER OFFENSE"
13,91,PROSTITUTION
5,91,"PUBLIC PEACE VIOLATION"
75,91,ROBBERY
3,91,"SEX OFFENSE"
1,91,STALKING
410,91,THEFT
18,91,"WEAPONS VIOLATION"
2,93,ARSON
68,93,ASSAULT
166,93,BATTERY
80,93,BURGLARY
5,93,"CRIM SEXUAL ASSAULT"
117,93,"CRIMINAL DAMAGE"
34,93,"CRIMINAL TRESPASS"
45,93,"DECEPTIVE PRACTICE"
2,93,GAMBLING
1,93,HOMICIDE
5,93,"INTERFERENCE WITH PUBLIC OFFICER"
1,93,INTIMIDATION
1,93,KIDNAPPING
51,93,"MOTOR VEHICLE THEFT"
105,93,NARCOTICS
1,93,NON-CRIMINAL
10,93,"OFFENSE INVOLVING CHILDREN"
59,93,"OTHER OFFENSE"
10,93,PROSTITUTION
6,93,"PUBLIC PEACE VIOLATION"
23,93,ROBBERY
4,93,"SEX OFFENSE"
1,93,STALKING
214,93,THEFT
9,93,"WEAPONS VIOLATION"
