crimes,community_area,type
49,"Albany Park",ARSON
1399,"Albany Park",ASSAULT
4609,"Albany Park",BATTERY
1746,"Albany Park",BURGLARY
1,"Albany Park","CONCEALED CARRY LICENSE VIOLATION"
121,"Albany Park","CRIM SEXUAL ASSAULT"
3481,"Albany Park","CRIMINAL DAMAGE"
518,"Albany Park","CRIMINAL TRESPASS"
1013,"Albany Park","DECEPTIVE PRACTICE"
7,"Albany Park",GAMBLING
27,"Albany Park",HOMICIDE
54,"Albany Park","INTERFERENCE WITH PUBLIC OFFICER"
20,"Albany Park",INTIMIDATION
15,"Albany Park",KIDNAPPING
76,"Albany Park","LIQUOR LAW VIOLATION"
1593,"Albany Park","MOTOR VEHICLE THEFT"
1294,"Albany Park",NARCOTICS
2,"Albany Park",NON-CRIMINAL
3,"Albany Park",OBSCENITY
218,"Albany Park","OFFENSE INVOLVING CHILDREN"
1601,"Albany Park","OTHER OFFENSE"
70,"Albany Park",PROSTITUTION
1,"Albany Park","PUBLIC INDECENCY"
204,"Albany Park","PUBLIC PEACE VIOLATION"
1121,"Albany Park",ROBBERY
148,"Albany Park","SEX OFFENSE"
9,"Albany Park",STALKING
5482,"Albany Park",THEFT
224,"Albany Park","WEAPONS VIOLATION"
19,"Archer Heights",ARSON
509,"Archer Heights",ASSAULT
1402,"Archer Heights",BATTERY
852,"Archer Heights",BURGLARY
1,"Archer Heights","CONCEALED CARRY LICENSE VIOLATION"
41,"Archer Heights","CRIM SEXUAL ASSAULT"
1553,"Archer Heights","CRIMINAL DAMAGE"
125,"Archer Heights","CRIMINAL TRESPASS"
435,"Archer Heights","DECEPTIVE PRACTICE"
3,"Archer Heights",GAMBLING
12,"Archer Heights",HOMICIDE
12,"Archer Heights","INTERFERENCE WITH PUBLIC OFFICER"
8,"Archer Heights",INTIMIDATION
21,"Archer Heights",KIDNAPPING
20,"Archer Heights","LIQUOR LAW VIOLATION"
738,"Archer Heights","MOTOR VEHICLE THEFT"
432,"Archer Heights",NARCOTICS
1,"Archer Heights",NON-CRIMINAL
3,"Archer Heights",OBSCENITY
82,"Archer Heights","OFFENSE INVOLVING CHILDREN"
493,"Archer Heights","OTHER OFFENSE"
160,"Archer Heights",PROSTITUTION
2,"Archer Heights","PUBLIC INDECENCY"
86,"Archer Heights","PUBLIC PEACE VIOLATION"
398,"Archer Heights",ROBBERY
36,"Archer Heights","SEX OFFENSE"
5,"Archer Heights",STALKING
2323,"Archer Heights",THEFT
90,"Archer Heights","WEAPONS VIOLATION"
7,"Armour Square",ARSON
605,"Armour Square",ASSAULT
1815,"Armour Square",BATTERY
460,"Armour Square",BURGLARY
29,"Armour Square","CRIM SEXUAL ASSAULT"
1204,"Armour Square","CRIMINAL DAMAGE"
463,"Armour Square","CRIMINAL TRESPASS"
1055,"Armour Square","DECEPTIVE PRACTICE"
9,"Armour Square",GAMBLING
8,"Armour Square",HOMICIDE
25,"Armour Square","INTERFERENCE WITH PUBLIC OFFICER"
9,"Armour Square",INTIMIDATION
4,"Armour Square",KIDNAPPING
16,"Armour Square","LIQUOR LAW VIOLATION"
630,"Armour Square","MOTOR VEHICLE THEFT"
430,"Armour Square",NARCOTICS
1,"Armour Square",NON-CRIMINAL
1,"Armour Square",OBSCENITY
46,"Armour Square","OFFENSE INVOLVING CHILDREN"
411,"Armour Square","OTHER OFFENSE"
13,"Armour Square",PROSTITUTION
2,"Armour Square","PUBLIC INDECENCY"
57,"Armour Square","PUBLIC PEACE VIOLATION"
752,"Armour Square",ROBBERY
40,"Armour Square","SEX OFFENSE"
8,"Armour Square",STALKING
3041,"Armour Square",THEFT
89,"Armour Square","WEAPONS VIOLATION"
40,Ashburn,ARSON
1691,Ashburn,ASSAULT
3914,Ashburn,BATTERY
2223,Ashburn,BURGLARY
112,Ashburn,"CRIM SEXUAL ASSAULT"
3550,Ashburn,"CRIMINAL DAMAGE"
504,Ashburn,"CRIMINAL TRESPASS"
1347,Ashburn,"DECEPTIVE PRACTICE"
17,Ashburn,GAMBLING
51,Ashburn,HOMICIDE
29,Ashburn,"INTERFERENCE WITH PUBLIC OFFICER"
12,Ashburn,INTIMIDATION
37,Ashburn,KIDNAPPING
21,Ashburn,"LIQUOR LAW VIOLATION"
1453,Ashburn,"MOTOR VEHICLE THEFT"
1149,Ashburn,NARCOTICS
3,Ashburn,"NON - CRIMINAL"
15,Ashburn,OBSCENITY
231,Ashburn,"OFFENSE INVOLVING CHILDREN"
1,Ashburn,"OTHER NARCOTIC VIOLATION"
1787,Ashburn,"OTHER OFFENSE"
17,Ashburn,PROSTITUTION
245,Ashburn,"PUBLIC PEACE VIOLATION"
1013,Ashburn,ROBBERY
86,Ashburn,"SEX OFFENSE"
16,Ashburn,STALKING
4920,Ashburn,THEFT
234,Ashburn,"WEAPONS VIOLATION"
117,"Auburn Gresham",ARSON
6119,"Auburn Gresham",ASSAULT
16936,"Auburn Gresham",BATTERY
5401,"Auburn Gresham",BURGLARY
13,"Auburn Gresham","CONCEALED CARRY LICENSE VIOLATION"
394,"Auburn Gresham","CRIM SEXUAL ASSAULT"
8335,"Auburn Gresham","CRIMINAL DAMAGE"
2164,"Auburn Gresham","CRIMINAL TRESPASS"
2895,"Auburn Gresham","DECEPTIVE PRACTICE"
98,"Auburn Gresham",GAMBLING
182,"Auburn Gresham",HOMICIDE
3,"Auburn Gresham","HUMAN TRAFFICKING"
465,"Auburn Gresham","INTERFERENCE WITH PUBLIC OFFICER"
27,"Auburn Gresham",INTIMIDATION
70,"Auburn Gresham",KIDNAPPING
47,"Auburn Gresham","LIQUOR LAW VIOLATION"
3111,"Auburn Gresham","MOTOR VEHICLE THEFT"
7902,"Auburn Gresham",NARCOTICS
2,"Auburn Gresham",NON-CRIMINAL
3,"Auburn Gresham",OBSCENITY
720,"Auburn Gresham","OFFENSE INVOLVING CHILDREN"
1,"Auburn Gresham","OTHER NARCOTIC VIOLATION"
5321,"Auburn Gresham","OTHER OFFENSE"
356,"Auburn Gresham",PROSTITUTION
2,"Auburn Gresham","PUBLIC INDECENCY"
631,"Auburn Gresham","PUBLIC PEACE VIOLATION"
3699,"Auburn Gresham",ROBBERY
203,"Auburn Gresham","SEX OFFENSE"
47,"Auburn Gresham",STALKING
12248,"Auburn Gresham",THEFT
1778,"Auburn Gresham","WEAPONS VIOLATION"
283,Austin,ARSON
11175,Austin,ASSAULT
35047,Austin,BATTERY
7399,Austin,BURGLARY
14,Austin,"CONCEALED CARRY LICENSE VIOLATION"
859,Austin,"CRIM SEXUAL ASSAULT"
15320,Austin,"CRIMINAL DAMAGE"
3305,Austin,"CRIMINAL TRESPASS"
5550,Austin,"DECEPTIVE PRACTICE"
882,Austin,GAMBLING
451,Austin,HOMICIDE
4,Austin,"HUMAN TRAFFICKING"
1106,Austin,"INTERFERENCE WITH PUBLIC OFFICER"
50,Austin,INTIMIDATION
125,Austin,KIDNAPPING
129,Austin,"LIQUOR LAW VIOLATION"
6774,Austin,"MOTOR VEHICLE THEFT"
33331,Austin,NARCOTICS
1,Austin,"NON - CRIMINAL"
2,Austin,NON-CRIMINAL
21,Austin,OBSCENITY
1272,Austin,"OFFENSE INVOLVING CHILDREN"
2,Austin,"OTHER NARCOTIC VIOLATION"
10951,Austin,"OTHER OFFENSE"
2706,Austin,PROSTITUTION
3,Austin,"PUBLIC INDECENCY"
1464,Austin,"PUBLIC PEACE VIOLATION"
8066,Austin,ROBBERY
446,Austin,"SEX OFFENSE"
59,Austin,STALKING
24081,Austin,THEFT
2848,Austin,"WEAPONS VIOLATION"
25,"Avalon Park",ARSON
1174,"Avalon Park",ASSAULT
2804,"Avalon Park",BATTERY
1020,"Avalon Park",BURGLARY
1,"Avalon Park","CONCEALED CARRY LICENSE VIOLATION"
76,"Avalon Park","CRIM SEXUAL ASSAULT"
1573,"Avalon Park","CRIMINAL DAMAGE"
258,"Avalon Park","CRIMINAL TRESPASS"
638,"Avalon Park","DECEPTIVE PRACTICE"
10,"Avalon Park",GAMBLING
33,"Avalon Park",HOMICIDE
41,"Avalon Park","INTERFERENCE WITH PUBLIC OFFICER"
8,"Avalon Park",INTIMIDATION
10,"Avalon Park",KIDNAPPING
5,"Avalon Park","LIQUOR LAW VIOLATION"
674,"Avalon Park","MOTOR VEHICLE THEFT"
668,"Avalon Park",NARCOTICS
3,"Avalon Park",OBSCENITY
112,"Avalon Park","OFFENSE INVOLVING CHILDREN"
966,"Avalon Park","OTHER OFFENSE"
3,"Avalon Park",PROSTITUTION
1,"Avalon Park","PUBLIC INDECENCY"
148,"Avalon Park","PUBLIC PEACE VIOLATION"
761,"Avalon Park",ROBBERY
38,"Avalon Park","SEX OFFENSE"
8,"Avalon Park",STALKING
2933,"Avalon Park",THEFT
267,"Avalon Park","WEAPONS VIOLATION"
67,Avondale,ARSON
1434,Avondale,ASSAULT
3947,Avondale,BATTERY
1993,Avondale,BURGLARY
1,Avondale,"CONCEALED CARRY LICENSE VIOLATION"
123,Avondale,"CRIM SEXUAL ASSAULT"
3127,Avondale,"CRIMINAL DAMAGE"
453,Avondale,"CRIMINAL TRESPASS"
1345,Avondale,"DECEPTIVE PRACTICE"
4,Avondale,GAMBLING
24,Avondale,HOMICIDE
40,Avondale,"INTERFERENCE WITH PUBLIC OFFICER"
12,Avondale,INTIMIDATION
16,Avondale,KIDNAPPING
56,Avondale,"LIQUOR LAW VIOLATION"
2105,Avondale,"MOTOR VEHICLE THEFT"
957,Avondale,NARCOTICS
7,Avondale,OBSCENITY
225,Avondale,"OFFENSE INVOLVING CHILDREN"
1554,Avondale,"OTHER OFFENSE"
28,Avondale,PROSTITUTION
142,Avondale,"PUBLIC PEACE VIOLATION"
932,Avondale,ROBBERY
113,Avondale,"SEX OFFENSE"
17,Avondale,STALKING
6295,Avondale,THEFT
158,Avondale,"WEAPONS VIOLATION"
153,"Belmont Cragin",ARSON
3354,"Belmont Cragin",ASSAULT
9385,"Belmont Cragin",BATTERY
3852,"Belmont Cragin",BURGLARY
6,"Belmont Cragin","CONCEALED CARRY LICENSE VIOLATION"
230,"Belmont Cragin","CRIM SEXUAL ASSAULT"
6266,"Belmont Cragin","CRIMINAL DAMAGE"
953,"Belmont Cragin","CRIMINAL TRESPASS"
2195,"Belmont Cragin","DECEPTIVE PRACTICE"
3,"Belmont Cragin",GAMBLING
64,"Belmont Cragin",HOMICIDE
252,"Belmont Cragin","INTERFERENCE WITH PUBLIC OFFICER"
50,"Belmont Cragin",INTIMIDATION
64,"Belmont Cragin",KIDNAPPING
95,"Belmont Cragin","LIQUOR LAW VIOLATION"
3637,"Belmont Cragin","MOTOR VEHICLE THEFT"
3293,"Belmont Cragin",NARCOTICS
8,"Belmont Cragin",NON-CRIMINAL
4,"Belmont Cragin",OBSCENITY
597,"Belmont Cragin","OFFENSE INVOLVING CHILDREN"
1,"Belmont Cragin","OTHER NARCOTIC VIOLATION"
3821,"Belmont Cragin","OTHER OFFENSE"
388,"Belmont Cragin",PROSTITUTION
2,"Belmont Cragin","PUBLIC INDECENCY"
415,"Belmont Cragin","PUBLIC PEACE VIOLATION"
1804,"Belmont Cragin",ROBBERY
209,"Belmont Cragin","SEX OFFENSE"
22,"Belmont Cragin",STALKING
9590,"Belmont Cragin",THEFT
598,"Belmont Cragin","WEAPONS VIOLATION"
10,Beverly,ARSON
540,Beverly,ASSAULT
1071,Beverly,BATTERY
804,Beverly,BURGLARY
23,Beverly,"CRIM SEXUAL ASSAULT"
1260,Beverly,"CRIMINAL DAMAGE"
290,Beverly,"CRIMINAL TRESPASS"
796,Beverly,"DECEPTIVE PRACTICE"
7,Beverly,HOMICIDE
13,Beverly,"INTERFERENCE WITH PUBLIC OFFICER"
8,Beverly,INTIMIDATION
20,Beverly,KIDNAPPING
17,Beverly,"LIQUOR LAW VIOLATION"
359,Beverly,"MOTOR VEHICLE THEFT"
216,Beverly,NARCOTICS
2,Beverly,OBSCENITY
112,Beverly,"OFFENSE INVOLVING CHILDREN"
769,Beverly,"OTHER OFFENSE"
1,Beverly,PROSTITUTION
48,Beverly,"PUBLIC PEACE VIOLATION"
264,Beverly,ROBBERY
28,Beverly,"SEX OFFENSE"
8,Beverly,STALKING
2673,Beverly,THEFT
32,Beverly,"WEAPONS VIOLATION"
44,Bridgeport,ARSON
1200,Bridgeport,ASSAULT
2721,Bridgeport,BATTERY
1438,Bridgeport,BURGLARY
1,Bridgeport,"CONCEALED CARRY LICENSE VIOLATION"
58,Bridgeport,"CRIM SEXUAL ASSAULT"
2877,Bridgeport,"CRIMINAL DAMAGE"
424,Bridgeport,"CRIMINAL TRESPASS"
805,Bridgeport,"DECEPTIVE PRACTICE"
2,Bridgeport,GAMBLING
21,Bridgeport,HOMICIDE
1,Bridgeport,"HUMAN TRAFFICKING"
42,Bridgeport,"INTERFERENCE WITH PUBLIC OFFICER"
18,Bridgeport,INTIMIDATION
15,Bridgeport,KIDNAPPING
38,Bridgeport,"LIQUOR LAW VIOLATION"
859,Bridgeport,"MOTOR VEHICLE THEFT"
702,Bridgeport,NARCOTICS
2,Bridgeport,"NON - CRIMINAL"
2,Bridgeport,NON-CRIMINAL
1,Bridgeport,"NON-CRIMINAL (SUBJECT SPECIFIED)"
3,Bridgeport,OBSCENITY
114,Bridgeport,"OFFENSE INVOLVING CHILDREN"
1217,Bridgeport,"OTHER OFFENSE"
26,Bridgeport,PROSTITUTION
128,Bridgeport,"PUBLIC PEACE VIOLATION"
444,Bridgeport,ROBBERY
83,Bridgeport,"SEX OFFENSE"
14,Bridgeport,STALKING
3854,Bridgeport,THEFT
130,Bridgeport,"WEAPONS VIOLATION"
85,"Brighton Park",ARSON
1667,"Brighton Park",ASSAULT
5173,"Brighton Park",BATTERY
1932,"Brighton Park",BURGLARY
125,"Brighton Park","CRIM SEXUAL ASSAULT"
3626,"Brighton Park","CRIMINAL DAMAGE"
409,"Brighton Park","CRIMINAL TRESPASS"
920,"Brighton Park","DECEPTIVE PRACTICE"
75,"Brighton Park",HOMICIDE
104,"Brighton Park","INTERFERENCE WITH PUBLIC OFFICER"
19,"Brighton Park",INTIMIDATION
39,"Brighton Park",KIDNAPPING
71,"Brighton Park","LIQUOR LAW VIOLATION"
2119,"Brighton Park","MOTOR VEHICLE THEFT"
1940,"Brighton Park",NARCOTICS
1,"Brighton Park","NON - CRIMINAL"
7,"Brighton Park",OBSCENITY
271,"Brighton Park","OFFENSE INVOLVING CHILDREN"
1,"Brighton Park","OTHER NARCOTIC VIOLATION"
1773,"Brighton Park","OTHER OFFENSE"
406,"Brighton Park",PROSTITUTION
1,"Brighton Park","PUBLIC INDECENCY"
349,"Brighton Park","PUBLIC PEACE VIOLATION"
1018,"Brighton Park",ROBBERY
153,"Brighton Park","SEX OFFENSE"
23,"Brighton Park",STALKING
3952,"Brighton Park",THEFT
372,"Brighton Park","WEAPONS VIOLATION"
11,Burnside,ARSON
321,Burnside,ASSAULT
753,Burnside,BATTERY
353,Burnside,BURGLARY
1,Burnside,"CONCEALED CARRY LICENSE VIOLATION"
22,Burnside,"CRIM SEXUAL ASSAULT"
523,Burnside,"CRIMINAL DAMAGE"
49,Burnside,"CRIMINAL TRESPASS"
126,Burnside,"DECEPTIVE PRACTICE"
25,Burnside,GAMBLING
12,Burnside,HOMICIDE
16,Burnside,"INTERFERENCE WITH PUBLIC OFFICER"
1,Burnside,INTIMIDATION
3,Burnside,KIDNAPPING
2,Burnside,"LIQUOR LAW VIOLATION"
190,Burnside,"MOTOR VEHICLE THEFT"
335,Burnside,NARCOTICS
34,Burnside,"OFFENSE INVOLVING CHILDREN"
279,Burnside,"OTHER OFFENSE"
1,Burnside,PROSTITUTION
34,Burnside,"PUBLIC PEACE VIOLATION"
162,Burnside,ROBBERY
4,Burnside,"SEX OFFENSE"
2,Burnside,STALKING
607,Burnside,THEFT
97,Burnside,"WEAPONS VIOLATION"
16,"Calumet Heights",ARSON
1047,"Calumet Heights",ASSAULT
2576,"Calumet Heights",BATTERY
1193,"Calumet Heights",BURGLARY
2,"Calumet Heights","CONCEALED CARRY LICENSE VIOLATION"
71,"Calumet Heights","CRIM SEXUAL ASSAULT"
1949,"Calumet Heights","CRIMINAL DAMAGE"
280,"Calumet Heights","CRIMINAL TRESPASS"
807,"Calumet Heights","DECEPTIVE PRACTICE"
8,"Calumet Heights",GAMBLING
17,"Calumet Heights",HOMICIDE
40,"Calumet Heights","INTERFERENCE WITH PUBLIC OFFICER"
10,"Calumet Heights",INTIMIDATION
16,"Calumet Heights",KIDNAPPING
14,"Calumet Heights","LIQUOR LAW VIOLATION"
957,"Calumet Heights","MOTOR VEHICLE THEFT"
671,"Calumet Heights",NARCOTICS
2,"Calumet Heights",OBSCENITY
125,"Calumet Heights","OFFENSE INVOLVING CHILDREN"
1102,"Calumet Heights","OTHER OFFENSE"
1,"Calumet Heights",PROSTITUTION
92,"Calumet Heights","PUBLIC PEACE VIOLATION"
727,"Calumet Heights",ROBBERY
29,"Calumet Heights","SEX OFFENSE"
15,"Calumet Heights",STALKING
3461,"Calumet Heights",THEFT
251,"Calumet Heights","WEAPONS VIOLATION"
67,Chatham,ARSON
4525,Chatham,ASSAULT
12204,Chatham,BATTERY
3806,Chatham,BURGLARY
8,Chatham,"CONCEALED CARRY LICENSE VIOLATION"
290,Chatham,"CRIM SEXUAL ASSAULT"
6232,Chatham,"CRIMINAL DAMAGE"
1468,Chatham,"CRIMINAL TRESPASS"
3201,Chatham,"DECEPTIVE PRACTICE"
54,Chatham,GAMBLING
146,Chatham,HOMICIDE
1,Chatham,"HUMAN TRAFFICKING"
243,Chatham,"INTERFERENCE WITH PUBLIC OFFICER"
20,Chatham,INTIMIDATION
49,Chatham,KIDNAPPING
26,Chatham,"LIQUOR LAW VIOLATION"
2720,Chatham,"MOTOR VEHICLE THEFT"
4445,Chatham,NARCOTICS
2,Chatham,NON-CRIMINAL
6,Chatham,OBSCENITY
467,Chatham,"OFFENSE INVOLVING CHILDREN"
1,Chatham,"OTHER NARCOTIC VIOLATION"
3755,Chatham,"OTHER OFFENSE"
139,Chatham,PROSTITUTION
3,Chatham,"PUBLIC INDECENCY"
358,Chatham,"PUBLIC PEACE VIOLATION"
3236,Chatham,ROBBERY
122,Chatham,"SEX OFFENSE"
60,Chatham,STALKING
13890,Chatham,THEFT
1000,Chatham,"WEAPONS VIOLATION"
127,"Chicago Lawn",ARSON
4739,"Chicago Lawn",ASSAULT
13376,"Chicago Lawn",BATTERY
5430,"Chicago Lawn",BURGLARY
4,"Chicago Lawn","CONCEALED CARRY LICENSE VIOLATION"
353,"Chicago Lawn","CRIM SEXUAL ASSAULT"
7578,"Chicago Lawn","CRIMINAL DAMAGE"
1456,"Chicago Lawn","CRIMINAL TRESPASS"
2241,"Chicago Lawn","DECEPTIVE PRACTICE"
181,"Chicago Lawn",GAMBLING
164,"Chicago Lawn",HOMICIDE
337,"Chicago Lawn","INTERFERENCE WITH PUBLIC OFFICER"
26,"Chicago Lawn",INTIMIDATION
63,"Chicago Lawn",KIDNAPPING
56,"Chicago Lawn","LIQUOR LAW VIOLATION"
3306,"Chicago Lawn","MOTOR VEHICLE THEFT"
7011,"Chicago Lawn",NARCOTICS
5,"Chicago Lawn","NON - CRIMINAL"
6,"Chicago Lawn",NON-CRIMINAL
12,"Chicago Lawn",OBSCENITY
633,"Chicago Lawn","OFFENSE INVOLVING CHILDREN"
4448,"Chicago Lawn","OTHER OFFENSE"
288,"Chicago Lawn",PROSTITUTION
869,"Chicago Lawn","PUBLIC PEACE VIOLATION"
3201,"Chicago Lawn",ROBBERY
220,"Chicago Lawn","SEX OFFENSE"
24,"Chicago Lawn",STALKING
10462,"Chicago Lawn",THEFT
1169,"Chicago Lawn","WEAPONS VIOLATION"
20,Clearing,ARSON
624,Clearing,ASSAULT
1688,Clearing,BATTERY
878,Clearing,BURGLARY
39,Clearing,"CRIM SEXUAL ASSAULT"
1689,Clearing,"CRIMINAL DAMAGE"
174,Clearing,"CRIMINAL TRESPASS"
674,Clearing,"DECEPTIVE PRACTICE"
2,Clearing,GAMBLING
6,Clearing,HOMICIDE
20,Clearing,"INTERFERENCE WITH PUBLIC OFFICER"
11,Clearing,INTIMIDATION
11,Clearing,KIDNAPPING
15,Clearing,"LIQUOR LAW VIOLATION"
375,Clearing,"MOTOR VEHICLE THEFT"
385,Clearing,NARCOTICS
1,Clearing,"NON - CRIMINAL"
5,Clearing,OBSCENITY
149,Clearing,"OFFENSE INVOLVING CHILDREN"
863,Clearing,"OTHER OFFENSE"
2,Clearing,PROSTITUTION
2,Clearing,"PUBLIC INDECENCY"
98,Clearing,"PUBLIC PEACE VIOLATION"
172,Clearing,ROBBERY
46,Clearing,"SEX OFFENSE"
7,Clearing,STALKING
1972,Clearing,THEFT
52,Clearing,"WEAPONS VIOLATION"
7,Douglas,ARSON
1931,Douglas,ASSAULT
5103,Douglas,BATTERY
634,Douglas,BURGLARY
1,Douglas,"CONCEALED CARRY LICENSE VIOLATION"
124,Douglas,"CRIM SEXUAL ASSAULT"
2232,Douglas,"CRIMINAL DAMAGE"
1160,Douglas,"CRIMINAL TRESPASS"
1362,Douglas,"DECEPTIVE PRACTICE"
27,Douglas,GAMBLING
26,Douglas,HOMICIDE
1,Douglas,"HUMAN TRAFFICKING"
37,Douglas,"INTERFERENCE WITH PUBLIC OFFICER"
13,Douglas,INTIMIDATION
17,Douglas,KIDNAPPING
6,Douglas,"LIQUOR LAW VIOLATION"
1066,Douglas,"MOTOR VEHICLE THEFT"
1448,Douglas,NARCOTICS
1,Douglas,"NON - CRIMINAL"
2,Douglas,NON-CRIMINAL
2,Douglas,OBSCENITY
152,Douglas,"OFFENSE INVOLVING CHILDREN"
1587,Douglas,"OTHER OFFENSE"
4,Douglas,PROSTITUTION
1,Douglas,"PUBLIC INDECENCY"
160,Douglas,"PUBLIC PEACE VIOLATION"
1173,Douglas,ROBBERY
80,Douglas,"SEX OFFENSE"
20,Douglas,STALKING
6344,Douglas,THEFT
192,Douglas,"WEAPONS VIOLATION"
31,Dunning,ARSON
1036,Dunning,ASSAULT
2699,Dunning,BATTERY
1602,Dunning,BURGLARY
57,Dunning,"CRIM SEXUAL ASSAULT"
2458,Dunning,"CRIMINAL DAMAGE"
395,Dunning,"CRIMINAL TRESPASS"
993,Dunning,"DECEPTIVE PRACTICE"
10,Dunning,GAMBLING
9,Dunning,HOMICIDE
33,Dunning,"INTERFERENCE WITH PUBLIC OFFICER"
8,Dunning,INTIMIDATION
24,Dunning,KIDNAPPING
25,Dunning,"LIQUOR LAW VIOLATION"
886,Dunning,"MOTOR VEHICLE THEFT"
584,Dunning,NARCOTICS
1,Dunning,NON-CRIMINAL
4,Dunning,OBSCENITY
138,Dunning,"OFFENSE INVOLVING CHILDREN"
1,Dunning,"OTHER NARCOTIC VIOLATION"
1447,Dunning,"OTHER OFFENSE"
5,Dunning,PROSTITUTION
73,Dunning,"PUBLIC PEACE VIOLATION"
285,Dunning,ROBBERY
78,Dunning,"SEX OFFENSE"
6,Dunning,STALKING
3323,Dunning,THEFT
68,Dunning,"WEAPONS VIOLATION"
74,"East Garfield Park",ARSON
3860,"East Garfield Park",ASSAULT
11285,"East Garfield Park",BATTERY
1749,"East Garfield Park",BURGLARY
7,"East Garfield Park","CONCEALED CARRY LICENSE VIOLATION"
225,"East Garfield Park","CRIM SEXUAL ASSAULT"
4412,"East Garfield Park","CRIMINAL DAMAGE"
1175,"East Garfield Park","CRIMINAL TRESPASS"
1519,"East Garfield Park","DECEPTIVE PRACTICE"
217,"East Garfield Park",GAMBLING
141,"East Garfield Park",HOMICIDE
313,"East Garfield Park","INTERFERENCE WITH PUBLIC OFFICER"
26,"East Garfield Park",INTIMIDATION
34,"East Garfield Park",KIDNAPPING
47,"East Garfield Park","LIQUOR LAW VIOLATION"
2202,"East Garfield Park","MOTOR VEHICLE THEFT"
11169,"East Garfield Park",NARCOTICS
1,"East Garfield Park","NON - CRIMINAL"
1,"East Garfield Park","NON-CRIMINAL (SUBJECT SPECIFIED)"
10,"East Garfield Park",OBSCENITY
319,"East Garfield Park","OFFENSE INVOLVING CHILDREN"
2883,"East Garfield Park","OTHER OFFENSE"
424,"East Garfield Park",PROSTITUTION
438,"East Garfield Park","PUBLIC PEACE VIOLATION"
2489,"East Garfield Park",ROBBERY
129,"East Garfield Park","SEX OFFENSE"
34,"East Garfield Park",STALKING
6849,"East Garfield Park",THEFT
883,"East Garfield Park","WEAPONS VIOLATION"
29,"East Side",ARSON
1109,"East Side",ASSAULT
2630,"East Side",BATTERY
925,"East Side",BURGLARY
56,"East Side","CRIM SEXUAL ASSAULT"
2402,"East Side","CRIMINAL DAMAGE"
242,"East Side","CRIMINAL TRESPASS"
475,"East Side","DECEPTIVE PRACTICE"
18,"East Side",HOMICIDE
1,"East Side","HUMAN TRAFFICKING"
46,"East Side","INTERFERENCE WITH PUBLIC OFFICER"
10,"East Side",INTIMIDATION
26,"East Side",KIDNAPPING
25,"East Side","LIQUOR LAW VIOLATION"
583,"East Side","MOTOR VEHICLE THEFT"
972,"East Side",NARCOTICS
1,"East Side",OBSCENITY
225,"East Side","OFFENSE INVOLVING CHILDREN"
965,"East Side","OTHER OFFENSE"
200,"East Side","PUBLIC PEACE VIOLATION"
227,"East Side",ROBBERY
63,"East Side","SEX OFFENSE"
7,"East Side",STALKING
2020,"East Side",THEFT
214,"East Side","WEAPONS VIOLATION"
24,Edgewater,ARSON
1484,Edgewater,ASSAULT
4367,Edgewater,BATTERY
1542,Edgewater,BURGLARY
1,Edgewater,"CONCEALED CARRY LICENSE VIOLATION"
162,Edgewater,"CRIM SEXUAL ASSAULT"
2537,Edgewater,"CRIMINAL DAMAGE"
808,Edgewater,"CRIMINAL TRESPASS"
1883,Edgewater,"DECEPTIVE PRACTICE"
6,Edgewater,GAMBLING
23,Edgewater,HOMICIDE
41,Edgewater,"INTERFERENCE WITH PUBLIC OFFICER"
9,Edgewater,INTIMIDATION
2,Edgewater,KIDNAPPING
50,Edgewater,"LIQUOR LAW VIOLATION"
973,Edgewater,"MOTOR VEHICLE THEFT"
947,Edgewater,NARCOTICS
1,Edgewater,NON-CRIMINAL
4,Edgewater,OBSCENITY
130,Edgewater,"OFFENSE INVOLVING CHILDREN"
1695,Edgewater,"OTHER OFFENSE"
1,Edgewater,PROSTITUTION
1,Edgewater,"PUBLIC INDECENCY"
172,Edgewater,"PUBLIC PEACE VIOLATION"
885,Edgewater,ROBBERY
136,Edgewater,"SEX OFFENSE"
11,Edgewater,STALKING
7944,Edgewater,THEFT
133,Edgewater,"WEAPONS VIOLATION"
6,"Edison Park",ARSON
154,"Edison Park",ASSAULT
476,"Edison Park",BATTERY
143,"Edison Park",BURGLARY
7,"Edison Park","CRIM SEXUAL ASSAULT"
398,"Edison Park","CRIMINAL DAMAGE"
89,"Edison Park","CRIMINAL TRESPASS"
258,"Edison Park","DECEPTIVE PRACTICE"
1,"Edison Park",GAMBLING
1,"Edison Park",INTIMIDATION
2,"Edison Park",KIDNAPPING
3,"Edison Park","LIQUOR LAW VIOLATION"
70,"Edison Park","MOTOR VEHICLE THEFT"
36,"Edison Park",NARCOTICS
1,"Edison Park",OBSCENITY
16,"Edison Park","OFFENSE INVOLVING CHILDREN"
262,"Edison Park","OTHER OFFENSE"
2,"Edison Park",PROSTITUTION
20,"Edison Park","PUBLIC PEACE VIOLATION"
16,"Edison Park",ROBBERY
11,"Edison Park","SEX OFFENSE"
2,"Edison Park",STALKING
558,"Edison Park",THEFT
2,"Edison Park","WEAPONS VIOLATION"
157,Englewood,ARSON
5678,Englewood,ASSAULT
16979,Englewood,BATTERY
4187,Englewood,BURGLARY
22,Englewood,"CONCEALED CARRY LICENSE VIOLATION"
361,Englewood,"CRIM SEXUAL ASSAULT"
7278,Englewood,"CRIMINAL DAMAGE"
1901,Englewood,"CRIMINAL TRESPASS"
1775,Englewood,"DECEPTIVE PRACTICE"
237,Englewood,GAMBLING
244,Englewood,HOMICIDE
1,Englewood,"HUMAN TRAFFICKING"
436,Englewood,"INTERFERENCE WITH PUBLIC OFFICER"
29,Englewood,INTIMIDATION
57,Englewood,KIDNAPPING
31,Englewood,"LIQUOR LAW VIOLATION"
2519,Englewood,"MOTOR VEHICLE THEFT"
6993,Englewood,NARCOTICS
10,Englewood,OBSCENITY
551,Englewood,"OFFENSE INVOLVING CHILDREN"
4425,Englewood,"OTHER OFFENSE"
816,Englewood,PROSTITUTION
3,Englewood,"PUBLIC INDECENCY"
770,Englewood,"PUBLIC PEACE VIOLATION"
3313,Englewood,ROBBERY
210,Englewood,"SEX OFFENSE"
41,Englewood,STALKING
10255,Englewood,THEFT
1817,Englewood,"WEAPONS VIOLATION"
4,"Forest Glen",ARSON
248,"Forest Glen",ASSAULT
500,"Forest Glen",BATTERY
693,"Forest Glen",BURGLARY
16,"Forest Glen","CRIM SEXUAL ASSAULT"
703,"Forest Glen","CRIMINAL DAMAGE"
152,"Forest Glen","CRIMINAL TRESPASS"
451,"Forest Glen","DECEPTIVE PRACTICE"
1,"Forest Glen",HOMICIDE
6,"Forest Glen","INTERFERENCE WITH PUBLIC OFFICER"
3,"Forest Glen",INTIMIDATION
6,"Forest Glen",KIDNAPPING
3,"Forest Glen","LIQUOR LAW VIOLATION"
199,"Forest Glen","MOTOR VEHICLE THEFT"
108,"Forest Glen",NARCOTICS
2,"Forest Glen",NON-CRIMINAL
28,"Forest Glen","OFFENSE INVOLVING CHILDREN"
358,"Forest Glen","OTHER OFFENSE"
1,"Forest Glen",PROSTITUTION
11,"Forest Glen","PUBLIC PEACE VIOLATION"
40,"Forest Glen",ROBBERY
17,"Forest Glen","SEX OFFENSE"
8,"Forest Glen",STALKING
1361,"Forest Glen",THEFT
11,"Forest Glen","WEAPONS VIOLATION"
13,"Fuller Park",ARSON
688,"Fuller Park",ASSAULT
1661,"Fuller Park",BATTERY
317,"Fuller Park",BURGLARY
1,"Fuller Park","CONCEALED CARRY LICENSE VIOLATION"
37,"Fuller Park","CRIM SEXUAL ASSAULT"
846,"Fuller Park","CRIMINAL DAMAGE"
403,"Fuller Park","CRIMINAL TRESPASS"
586,"Fuller Park","DECEPTIVE PRACTICE"
6,"Fuller Park",GAMBLING
19,"Fuller Park",HOMICIDE
1,"Fuller Park","HUMAN TRAFFICKING"
63,"Fuller Park","INTERFERENCE WITH PUBLIC OFFICER"
13,"Fuller Park",INTIMIDATION
4,"Fuller Park",KIDNAPPING
3,"Fuller Park","LIQUOR LAW VIOLATION"
469,"Fuller Park","MOTOR VEHICLE THEFT"
945,"Fuller Park",NARCOTICS
1,"Fuller Park","NON - CRIMINAL"
1,"Fuller Park","NON-CRIMINAL (SUBJECT SPECIFIED)"
2,"Fuller Park",OBSCENITY
123,"Fuller Park","OFFENSE INVOLVING CHILDREN"
430,"Fuller Park","OTHER OFFENSE"
1,"Fuller Park",PROSTITUTION
1,"Fuller Park","PUBLIC INDECENCY"
60,"Fuller Park","PUBLIC PEACE VIOLATION"
569,"Fuller Park",ROBBERY
23,"Fuller Park","SEX OFFENSE"
6,"Fuller Park",STALKING
1926,"Fuller Park",THEFT
190,"Fuller Park","WEAPONS VIOLATION"
81,"Gage Park",ARSON
1602,"Gage Park",ASSAULT
4630,"Gage Park",BATTERY
1786,"Gage Park",BURGLARY
2,"Gage Park","CONCEALED CARRY LICENSE VIOLATION"
131,"Gage Park","CRIM SEXUAL ASSAULT"
3543,"Gage Park","CRIMINAL DAMAGE"
420,"Gage Park","CRIMINAL TRESPASS"
835,"Gage Park","DECEPTIVE PRACTICE"
14,"Gage Park",GAMBLING
76,"Gage Park",HOMICIDE
83,"Gage Park","INTERFERENCE WITH PUBLIC OFFICER"
18,"Gage Park",INTIMIDATION
29,"Gage Park",KIDNAPPING
50,"Gage Park","LIQUOR LAW VIOLATION"
1893,"Gage Park","MOTOR VEHICLE THEFT"
2197,"Gage Park",NARCOTICS
1,"Gage Park","NON - CRIMINAL"
9,"Gage Park",OBSCENITY
304,"Gage Park","OFFENSE INVOLVING CHILDREN"
1601,"Gage Park","OTHER OFFENSE"
54,"Gage Park",PROSTITUTION
412,"Gage Park","PUBLIC PEACE VIOLATION"
1152,"Gage Park",ROBBERY
154,"Gage Park","SEX OFFENSE"
16,"Gage Park",STALKING
4547,"Gage Park",THEFT
424,"Gage Park","WEAPONS VIOLATION"
41,"Garfield Ridge",ARSON
1095,"Garfield Ridge",ASSAULT
2658,"Garfield Ridge",BATTERY
1480,"Garfield Ridge",BURGLARY
54,"Garfield Ridge","CONCEALED CARRY LICENSE VIOLATION"
82,"Garfield Ridge","CRIM SEXUAL ASSAULT"
2981,"Garfield Ridge","CRIMINAL DAMAGE"
420,"Garfield Ridge","CRIMINAL TRESPASS"
1547,"Garfield Ridge","DECEPTIVE PRACTICE"
6,"Garfield Ridge",GAMBLING
19,"Garfield Ridge",HOMICIDE
48,"Garfield Ridge","INTERFERENCE WITH PUBLIC OFFICER"
11,"Garfield Ridge",INTIMIDATION
16,"Garfield Ridge",KIDNAPPING
39,"Garfield Ridge","LIQUOR LAW VIOLATION"
879,"Garfield Ridge","MOTOR VEHICLE THEFT"
1409,"Garfield Ridge",NARCOTICS
1,"Garfield Ridge","NON - CRIMINAL"
5,"Garfield Ridge",NON-CRIMINAL
3,"Garfield Ridge",OBSCENITY
158,"Garfield Ridge","OFFENSE INVOLVING CHILDREN"
1,"Garfield Ridge","OTHER NARCOTIC VIOLATION"
1260,"Garfield Ridge","OTHER OFFENSE"
525,"Garfield Ridge",PROSTITUTION
175,"Garfield Ridge","PUBLIC PEACE VIOLATION"
403,"Garfield Ridge",ROBBERY
69,"Garfield Ridge","SEX OFFENSE"
15,"Garfield Ridge",STALKING
4347,"Garfield Ridge",THEFT
116,"Garfield Ridge","WEAPONS VIOLATION"
21,"Grand Boulevard",ARSON
2773,"Grand Boulevard",ASSAULT
7483,"Grand Boulevard",BATTERY
1656,"Grand Boulevard",BURGLARY
148,"Grand Boulevard","CRIM SEXUAL ASSAULT"
3817,"Grand Boulevard","CRIMINAL DAMAGE"
845,"Grand Boulevard","CRIMINAL TRESPASS"
1319,"Grand Boulevard","DECEPTIVE PRACTICE"
51,"Grand Boulevard",GAMBLING
81,"Grand Boulevard",HOMICIDE
2,"Grand Boulevard","HUMAN TRAFFICKING"
120,"Grand Boulevard","INTERFERENCE WITH PUBLIC OFFICER"
9,"Grand Boulevard",INTIMIDATION
20,"Grand Boulevard",KIDNAPPING
29,"Grand Boulevard","LIQUOR LAW VIOLATION"
1706,"Grand Boulevard","MOTOR VEHICLE THEFT"
3147,"Grand Boulevard",NARCOTICS
11,"Grand Boulevard",OBSCENITY
271,"Grand Boulevard","OFFENSE INVOLVING CHILDREN"
2280,"Grand Boulevard","OTHER OFFENSE"
260,"Grand Boulevard",PROSTITUTION
2,"Grand Boulevard","PUBLIC INDECENCY"
206,"Grand Boulevard","PUBLIC PEACE VIOLATION"
1658,"Grand Boulevard",ROBBERY
92,"Grand Boulevard","SEX OFFENSE"
22,"Grand Boulevard",STALKING
6463,"Grand Boulevard",THEFT
445,"Grand Boulevard","WEAPONS VIOLATION"
101,"Greater Grand Crossing",ARSON
5520,"Greater Grand Crossing",ASSAULT
15973,"Greater Grand Crossing",BATTERY
4122,"Greater Grand Crossing",BURGLARY
7,"Greater Grand Crossing","CONCEALED CARRY LICENSE VIOLATION"
364,"Greater Grand Crossing","CRIM SEXUAL ASSAULT"
7416,"Greater Grand Crossing","CRIMINAL DAMAGE"
2119,"Greater Grand Crossing","CRIMINAL TRESPASS"
2557,"Greater Grand Crossing","DECEPTIVE PRACTICE"
104,"Greater Grand Crossing",GAMBLING
175,"Greater Grand Crossing",HOMICIDE
3,"Greater Grand Crossing","HUMAN TRAFFICKING"
369,"Greater Grand Crossing","INTERFERENCE WITH PUBLIC OFFICER"
21,"Greater Grand Crossing",INTIMIDATION
59,"Greater Grand Crossing",KIDNAPPING
50,"Greater Grand Crossing","LIQUOR LAW VIOLATION"
3081,"Greater Grand Crossing","MOTOR VEHICLE THEFT"
5949,"Greater Grand Crossing",NARCOTICS
2,"Greater Grand Crossing",NON-CRIMINAL
5,"Greater Grand Crossing",OBSCENITY
602,"Greater Grand Crossing","OFFENSE INVOLVING CHILDREN"
1,"Greater Grand Crossing","OTHER NARCOTIC VIOLATION"
4641,"Greater Grand Crossing","OTHER OFFENSE"
65,"Greater Grand Crossing",PROSTITUTION
585,"Greater Grand Crossing","PUBLIC PEACE VIOLATION"
3586,"Greater Grand Crossing",ROBBERY
183,"Greater Grand Crossing","SEX OFFENSE"
40,"Greater Grand Crossing",STALKING
10425,"Greater Grand Crossing",THEFT
1404,"Greater Grand Crossing","WEAPONS VIOLATION"
16,Hegewisch,ARSON
513,Hegewisch,ASSAULT
1201,Hegewisch,BATTERY
449,Hegewisch,BURGLARY
30,Hegewisch,"CRIM SEXUAL ASSAULT"
885,Hegewisch,"CRIMINAL DAMAGE"
153,Hegewisch,"CRIMINAL TRESPASS"
324,Hegewisch,"DECEPTIVE PRACTICE"
1,Hegewisch,GAMBLING
5,Hegewisch,HOMICIDE
14,Hegewisch,"INTERFERENCE WITH PUBLIC OFFICER"
5,Hegewisch,INTIMIDATION
6,Hegewisch,KIDNAPPING
16,Hegewisch,"LIQUOR LAW VIOLATION"
240,Hegewisch,"MOTOR VEHICLE THEFT"
264,Hegewisch,NARCOTICS
1,Hegewisch,NON-CRIMINAL
2,Hegewisch,OBSCENITY
73,Hegewisch,"OFFENSE INVOLVING CHILDREN"
453,Hegewisch,"OTHER OFFENSE"
63,Hegewisch,"PUBLIC PEACE VIOLATION"
88,Hegewisch,ROBBERY
17,Hegewisch,"SEX OFFENSE"
13,Hegewisch,STALKING
1273,Hegewisch,THEFT
76,Hegewisch,"WEAPONS VIOLATION"
65,Hermosa,ARSON
1096,Hermosa,ASSAULT
3289,Hermosa,BATTERY
1278,Hermosa,BURGLARY
85,Hermosa,"CRIM SEXUAL ASSAULT"
2032,Hermosa,"CRIMINAL DAMAGE"
235,Hermosa,"CRIMINAL TRESPASS"
664,Hermosa,"DECEPTIVE PRACTICE"
1,Hermosa,GAMBLING
21,Hermosa,HOMICIDE
81,Hermosa,"INTERFERENCE WITH PUBLIC OFFICER"
5,Hermosa,INTIMIDATION
20,Hermosa,KIDNAPPING
22,Hermosa,"LIQUOR LAW VIOLATION"
1281,Hermosa,"MOTOR VEHICLE THEFT"
1196,Hermosa,NARCOTICS
2,Hermosa,NON-CRIMINAL
4,Hermosa,OBSCENITY
204,Hermosa,"OFFENSE INVOLVING CHILDREN"
1397,Hermosa,"OTHER OFFENSE"
34,Hermosa,PROSTITUTION
180,Hermosa,"PUBLIC PEACE VIOLATION"
538,Hermosa,ROBBERY
67,Hermosa,"SEX OFFENSE"
9,Hermosa,STALKING
2785,Hermosa,THEFT
260,Hermosa,"WEAPONS VIOLATION"
179,"Humboldt park",ARSON
5771,"Humboldt park",ASSAULT
17204,"Humboldt park",BATTERY
3815,"Humboldt park",BURGLARY
3,"Humboldt park","CONCEALED CARRY LICENSE VIOLATION"
393,"Humboldt park","CRIM SEXUAL ASSAULT"
7827,"Humboldt park","CRIMINAL DAMAGE"
1468,"Humboldt park","CRIMINAL TRESPASS"
2165,"Humboldt park","DECEPTIVE PRACTICE"
336,"Humboldt park",GAMBLING
214,"Humboldt park",HOMICIDE
1,"Humboldt park","HUMAN TRAFFICKING"
585,"Humboldt park","INTERFERENCE WITH PUBLIC OFFICER"
36,"Humboldt park",INTIMIDATION
56,"Humboldt park",KIDNAPPING
97,"Humboldt park","LIQUOR LAW VIOLATION"
4059,"Humboldt park","MOTOR VEHICLE THEFT"
19256,"Humboldt park",NARCOTICS
1,"Humboldt park","NON - CRIMINAL"
1,"Humboldt park",NON-CRIMINAL
2,"Humboldt park","NON-CRIMINAL (SUBJECT SPECIFIED)"
9,"Humboldt park",OBSCENITY
722,"Humboldt park","OFFENSE INVOLVING CHILDREN"
3,"Humboldt park","OTHER NARCOTIC VIOLATION"
5004,"Humboldt park","OTHER OFFENSE"
1077,"Humboldt park",PROSTITUTION
2,"Humboldt park","PUBLIC INDECENCY"
711,"Humboldt park","PUBLIC PEACE VIOLATION"
3495,"Humboldt park",ROBBERY
232,"Humboldt park","SEX OFFENSE"
31,"Humboldt park",STALKING
11936,"Humboldt park",THEFT
1475,"Humboldt park","WEAPONS VIOLATION"
6,"Hyde Park",ARSON
878,"Hyde Park",ASSAULT
1950,"Hyde Park",BATTERY
1223,"Hyde Park",BURGLARY
116,"Hyde Park","CRIM SEXUAL ASSAULT"
1802,"Hyde Park","CRIMINAL DAMAGE"
360,"Hyde Park","CRIMINAL TRESPASS"
1234,"Hyde Park","DECEPTIVE PRACTICE"
10,"Hyde Park",GAMBLING
14,"Hyde Park",HOMICIDE
1,"Hyde Park","HUMAN TRAFFICKING"
13,"Hyde Park","INTERFERENCE WITH PUBLIC OFFICER"
7,"Hyde Park",INTIMIDATION
7,"Hyde Park",KIDNAPPING
11,"Hyde Park","LIQUOR LAW VIOLATION"
788,"Hyde Park","MOTOR VEHICLE THEFT"
354,"Hyde Park",NARCOTICS
5,"Hyde Park",OBSCENITY
119,"Hyde Park","OFFENSE INVOLVING CHILDREN"
997,"Hyde Park","OTHER OFFENSE"
1,"Hyde Park",PROSTITUTION
2,"Hyde Park","PUBLIC INDECENCY"
65,"Hyde Park","PUBLIC PEACE VIOLATION"
865,"Hyde Park",ROBBERY
75,"Hyde Park","SEX OFFENSE"
18,"Hyde Park",STALKING
5756,"Hyde Park",THEFT
48,"Hyde Park","WEAPONS VIOLATION"
57,"Irving Park",ARSON
1624,"Irving Park",ASSAULT
5395,"Irving Park",BATTERY
2605,"Irving Park",BURGLARY
1,"Irving Park","CONCEALED CARRY LICENSE VIOLATION"
143,"Irving Park","CRIM SEXUAL ASSAULT"
4347,"Irving Park","CRIMINAL DAMAGE"
537,"Irving Park","CRIMINAL TRESPASS"
1481,"Irving Park","DECEPTIVE PRACTICE"
7,"Irving Park",GAMBLING
26,"Irving Park",HOMICIDE
56,"Irving Park","INTERFERENCE WITH PUBLIC OFFICER"
14,"Irving Park",INTIMIDATION
26,"Irving Park",KIDNAPPING
67,"Irving Park","LIQUOR LAW VIOLATION"
2499,"Irving Park","MOTOR VEHICLE THEFT"
1322,"Irving Park",NARCOTICS
1,"Irving Park",NON-CRIMINAL
6,"Irving Park",OBSCENITY
247,"Irving Park","OFFENSE INVOLVING CHILDREN"
1,"Irving Park","OTHER NARCOTIC VIOLATION"
1922,"Irving Park","OTHER OFFENSE"
15,"Irving Park",PROSTITUTION
1,"Irving Park","PUBLIC INDECENCY"
269,"Irving Park","PUBLIC PEACE VIOLATION"
992,"Irving Park",ROBBERY
153,"Irving Park","SEX OFFENSE"
19,"Irving Park",STALKING
7521,"Irving Park",THEFT
173,"Irving Park","WEAPONS VIOLATION"
15,"Jefferson Park",ARSON
651,"Jefferson Park",ASSAULT
1668,"Jefferson Park",BATTERY
872,"Jefferson Park",BURGLARY
34,"Jefferson Park","CRIM SEXUAL ASSAULT"
1542,"Jefferson Park","CRIMINAL DAMAGE"
364,"Jefferson Park","CRIMINAL TRESPASS"
807,"Jefferson Park","DECEPTIVE PRACTICE"
1,"Jefferson Park",GAMBLING
8,"Jefferson Park",HOMICIDE
1,"Jefferson Park","HUMAN TRAFFICKING"
33,"Jefferson Park","INTERFERENCE WITH PUBLIC OFFICER"
5,"Jefferson Park",INTIMIDATION
18,"Jefferson Park",KIDNAPPING
26,"Jefferson Park","LIQUOR LAW VIOLATION"
508,"Jefferson Park","MOTOR VEHICLE THEFT"
445,"Jefferson Park",NARCOTICS
3,"Jefferson Park","NON - CRIMINAL"
2,"Jefferson Park",NON-CRIMINAL
5,"Jefferson Park",OBSCENITY
146,"Jefferson Park","OFFENSE INVOLVING CHILDREN"
954,"Jefferson Park","OTHER OFFENSE"
3,"Jefferson Park",PROSTITUTION
62,"Jefferson Park","PUBLIC PEACE VIOLATION"
195,"Jefferson Park",ROBBERY
58,"Jefferson Park","SEX OFFENSE"
15,"Jefferson Park",STALKING
2833,"Jefferson Park",THEFT
46,"Jefferson Park","WEAPONS VIOLATION"
15,Kenwood,ARSON
1101,Kenwood,ASSAULT
2708,Kenwood,BATTERY
824,Kenwood,BURGLARY
72,Kenwood,"CRIM SEXUAL ASSAULT"
1739,Kenwood,"CRIMINAL DAMAGE"
388,Kenwood,"CRIMINAL TRESPASS"
807,Kenwood,"DECEPTIVE PRACTICE"
18,Kenwood,GAMBLING
22,Kenwood,HOMICIDE
11,Kenwood,"INTERFERENCE WITH PUBLIC OFFICER"
10,Kenwood,INTIMIDATION
8,Kenwood,KIDNAPPING
2,Kenwood,"LIQUOR LAW VIOLATION"
697,Kenwood,"MOTOR VEHICLE THEFT"
700,Kenwood,NARCOTICS
1,Kenwood,NON-CRIMINAL
5,Kenwood,OBSCENITY
109,Kenwood,"OFFENSE INVOLVING CHILDREN"
1130,Kenwood,"OTHER OFFENSE"
5,Kenwood,PROSTITUTION
66,Kenwood,"PUBLIC PEACE VIOLATION"
731,Kenwood,ROBBERY
54,Kenwood,"SEX OFFENSE"
10,Kenwood,STALKING
3959,Kenwood,THEFT
125,Kenwood,"WEAPONS VIOLATION"
44,"Lake View",ARSON
2061,"Lake View",ASSAULT
7774,"Lake View",BATTERY
3934,"Lake View",BURGLARY
3,"Lake View","CONCEALED CARRY LICENSE VIOLATION"
346,"Lake View","CRIM SEXUAL ASSAULT"
5494,"Lake View","CRIMINAL DAMAGE"
1842,"Lake View","CRIMINAL TRESPASS"
5293,"Lake View","DECEPTIVE PRACTICE"
5,"Lake View",GAMBLING
9,"Lake View",HOMICIDE
1,"Lake View","HUMAN TRAFFICKING"
88,"Lake View","INTERFERENCE WITH PUBLIC OFFICER"
32,"Lake View",INTIMIDATION
12,"Lake View",KIDNAPPING
172,"Lake View","LIQUOR LAW VIOLATION"
2269,"Lake View","MOTOR VEHICLE THEFT"
1544,"Lake View",NARCOTICS
13,"Lake View",NON-CRIMINAL
8,"Lake View",OBSCENITY
110,"Lake View","OFFENSE INVOLVING CHILDREN"
8,"Lake View","OTHER NARCOTIC VIOLATION"
2126,"Lake View","OTHER OFFENSE"
75,"Lake View",PROSTITUTION
7,"Lake View","PUBLIC INDECENCY"
474,"Lake View","PUBLIC PEACE VIOLATION"
2462,"Lake View",ROBBERY
229,"Lake View","SEX OFFENSE"
36,"Lake View",STALKING
23106,"Lake View",THEFT
135,"Lake View","WEAPONS VIOLATION"
20,"Lincoln Park",ARSON
1167,"Lincoln Park",ASSAULT
3645,"Lincoln Park",BATTERY
2953,"Lincoln Park",BURGLARY
2,"Lincoln Park","CONCEALED CARRY LICENSE VIOLATION"
180,"Lincoln Park","CRIM SEXUAL ASSAULT"
4646,"Lincoln Park","CRIMINAL DAMAGE"
1090,"Lincoln Park","CRIMINAL TRESPASS"
3351,"Lincoln Park","DECEPTIVE PRACTICE"
5,"Lincoln Park",GAMBLING
5,"Lincoln Park",HOMICIDE
1,"Lincoln Park","HUMAN TRAFFICKING"
29,"Lincoln Park","INTERFERENCE WITH PUBLIC OFFICER"
10,"Lincoln Park",INTIMIDATION
24,"Lincoln Park",KIDNAPPING
157,"Lincoln Park","LIQUOR LAW VIOLATION"
1741,"Lincoln Park","MOTOR VEHICLE THEFT"
584,"Lincoln Park",NARCOTICS
1,"Lincoln Park",NON-CRIMINAL
4,"Lincoln Park",OBSCENITY
73,"Lincoln Park","OFFENSE INVOLVING CHILDREN"
3,"Lincoln Park","OTHER NARCOTIC VIOLATION"
1205,"Lincoln Park","OTHER OFFENSE"
14,"Lincoln Park",PROSTITUTION
6,"Lincoln Park","PUBLIC INDECENCY"
169,"Lincoln Park","PUBLIC PEACE VIOLATION"
1276,"Lincoln Park",ROBBERY
159,"Lincoln Park","SEX OFFENSE"
26,"Lincoln Park",STALKING
20530,"Lincoln Park",THEFT
58,"Lincoln Park","WEAPONS VIOLATION"
10,"Lincoln Square",ARSON
1010,"Lincoln Square",ASSAULT
2981,"Lincoln Square",BATTERY
1355,"Lincoln Square",BURGLARY
1,"Lincoln Square","CONCEALED CARRY LICENSE VIOLATION"
115,"Lincoln Square","CRIM SEXUAL ASSAULT"
2444,"Lincoln Square","CRIMINAL DAMAGE"
481,"Lincoln Square","CRIMINAL TRESPASS"
1357,"Lincoln Square","DECEPTIVE PRACTICE"
8,"Lincoln Square",GAMBLING
8,"Lincoln Square",HOMICIDE
42,"Lincoln Square","INTERFERENCE WITH PUBLIC OFFICER"
15,"Lincoln Square",INTIMIDATION
22,"Lincoln Square",KIDNAPPING
52,"Lincoln Square","LIQUOR LAW VIOLATION"
917,"Lincoln Square","MOTOR VEHICLE THEFT"
779,"Lincoln Square",NARCOTICS
3,"Lincoln Square",NON-CRIMINAL
1,"Lincoln Square",OBSCENITY
111,"Lincoln Square","OFFENSE INVOLVING CHILDREN"
1,"Lincoln Square","OTHER NARCOTIC VIOLATION"
1240,"Lincoln Square","OTHER OFFENSE"
17,"Lincoln Square",PROSTITUTION
4,"Lincoln Square","PUBLIC INDECENCY"
129,"Lincoln Square","PUBLIC PEACE VIOLATION"
434,"Lincoln Square",ROBBERY
115,"Lincoln Square","SEX OFFENSE"
18,"Lincoln Square",STALKING
5618,"Lincoln Square",THEFT
97,"Lincoln Square","WEAPONS VIOLATION"
101,"Logan Square",ARSON
2780,"Logan Square",ASSAULT
7906,"Logan Square",BATTERY
4490,"Logan Square",BURGLARY
251,"Logan Square","CRIM SEXUAL ASSAULT"
6369,"Logan Square","CRIMINAL DAMAGE"
1014,"Logan Square","CRIMINAL TRESPASS"
2496,"Logan Square","DECEPTIVE PRACTICE"
3,"Logan Square",GAMBLING
41,"Logan Square",HOMICIDE
98,"Logan Square","INTERFERENCE WITH PUBLIC OFFICER"
19,"Logan Square",INTIMIDATION
34,"Logan Square",KIDNAPPING
128,"Logan Square","LIQUOR LAW VIOLATION"
3693,"Logan Square","MOTOR VEHICLE THEFT"
1849,"Logan Square",NARCOTICS
1,"Logan Square","NON - CRIMINAL"
2,"Logan Square",NON-CRIMINAL
7,"Logan Square",OBSCENITY
405,"Logan Square","OFFENSE INVOLVING CHILDREN"
1,"Logan Square","OTHER NARCOTIC VIOLATION"
2790,"Logan Square","OTHER OFFENSE"
32,"Logan Square",PROSTITUTION
2,"Logan Square","PUBLIC INDECENCY"
304,"Logan Square","PUBLIC PEACE VIOLATION"
2000,"Logan Square",ROBBERY
201,"Logan Square","SEX OFFENSE"
32,"Logan Square",STALKING
17148,"Logan Square",THEFT
327,"Logan Square","WEAPONS VIOLATION"
17,Loop,ARSON
3214,Loop,ASSAULT
6827,Loop,BATTERY
925,Loop,BURGLARY
2,Loop,"CONCEALED CARRY LICENSE VIOLATION"
245,Loop,"CRIM SEXUAL ASSAULT"
3221,Loop,"CRIMINAL DAMAGE"
3205,Loop,"CRIMINAL TRESPASS"
10630,Loop,"DECEPTIVE PRACTICE"
4,Loop,GAMBLING
12,Loop,HOMICIDE
3,Loop,"HUMAN TRAFFICKING"
96,Loop,"INTERFERENCE WITH PUBLIC OFFICER"
46,Loop,INTIMIDATION
20,Loop,KIDNAPPING
89,Loop,"LIQUOR LAW VIOLATION"
946,Loop,"MOTOR VEHICLE THEFT"
1581,Loop,NARCOTICS
10,Loop,NON-CRIMINAL
7,Loop,OBSCENITY
91,Loop,"OFFENSE INVOLVING CHILDREN"
9,Loop,"OTHER NARCOTIC VIOLATION"
2410,Loop,"OTHER OFFENSE"
218,Loop,PROSTITUTION
16,Loop,"PUBLIC INDECENCY"
611,Loop,"PUBLIC PEACE VIOLATION"
2348,Loop,ROBBERY
263,Loop,"SEX OFFENSE"
63,Loop,STALKING
41951,Loop,THEFT
110,Loop,"WEAPONS VIOLATION"
63,"Lower West Side",ARSON
1941,"Lower West Side",ASSAULT
4754,"Lower West Side",BATTERY
1396,"Lower West Side",BURGLARY
2,"Lower West Side","CONCEALED CARRY LICENSE VIOLATION"
133,"Lower West Side","CRIM SEXUAL ASSAULT"
3712,"Lower West Side","CRIMINAL DAMAGE"
682,"Lower West Side","CRIMINAL TRESPASS"
985,"Lower West Side","DECEPTIVE PRACTICE"
1,"Lower West Side",GAMBLING
45,"Lower West Side",HOMICIDE
53,"Lower West Side","INTERFERENCE WITH PUBLIC OFFICER"
20,"Lower West Side",INTIMIDATION
14,"Lower West Side",KIDNAPPING
105,"Lower West Side","LIQUOR LAW VIOLATION"
1822,"Lower West Side","MOTOR VEHICLE THEFT"
1664,"Lower West Side",NARCOTICS
1,"Lower West Side","NON - CRIMINAL"
5,"Lower West Side",OBSCENITY
205,"Lower West Side","OFFENSE INVOLVING CHILDREN"
1496,"Lower West Side","OTHER OFFENSE"
21,"Lower West Side",PROSTITUTION
562,"Lower West Side","PUBLIC PEACE VIOLATION"
720,"Lower West Side",ROBBERY
131,"Lower West Side","SEX OFFENSE"
17,"Lower West Side",STALKING
5807,"Lower West Side",THEFT
365,"Lower West Side","WEAPONS VIOLATION"
33,"McKinley Park",ARSON
674,"McKinley Park",ASSAULT
1656,"McKinley Park",BATTERY
694,"McKinley Park",BURGLARY
2,"McKinley Park","CONCEALED CARRY LICENSE VIOLATION"
38,"McKinley Park","CRIM SEXUAL ASSAULT"
1620,"McKinley Park","CRIMINAL DAMAGE"
188,"McKinley Park","CRIMINAL TRESPASS"
439,"McKinley Park","DECEPTIVE PRACTICE"
19,"McKinley Park",HOMICIDE
1,"McKinley Park","HUMAN TRAFFICKING"
28,"McKinley Park","INTERFERENCE WITH PUBLIC OFFICER"
3,"McKinley Park",INTIMIDATION
8,"McKinley Park",KIDNAPPING
21,"McKinley Park","LIQUOR LAW VIOLATION"
681,"McKinley Park","MOTOR VEHICLE THEFT"
747,"McKinley Park",NARCOTICS
1,"McKinley Park",NON-CRIMINAL
3,"McKinley Park",OBSCENITY
96,"McKinley Park","OFFENSE INVOLVING CHILDREN"
627,"McKinley Park","OTHER OFFENSE"
15,"McKinley Park",PROSTITUTION
73,"McKinley Park","PUBLIC PEACE VIOLATION"
285,"McKinley Park",ROBBERY
38,"McKinley Park","SEX OFFENSE"
9,"McKinley Park",STALKING
2750,"McKinley Park",THEFT
109,"McKinley Park","WEAPONS VIOLATION"
11,Montclaire,ARSON
384,Montclaire,ASSAULT
1103,Montclaire,BATTERY
542,Montclaire,BURGLARY
1,Montclaire,"CONCEALED CARRY LICENSE VIOLATION"
22,Montclaire,"CRIM SEXUAL ASSAULT"
907,Montclaire,"CRIMINAL DAMAGE"
86,Montclaire,"CRIMINAL TRESPASS"
322,Montclaire,"DECEPTIVE PRACTICE"
1,Montclaire,GAMBLING
5,Montclaire,HOMICIDE
1,Montclaire,"HUMAN TRAFFICKING"
12,Montclaire,"INTERFERENCE WITH PUBLIC OFFICER"
4,Montclaire,INTIMIDATION
5,Montclaire,KIDNAPPING
5,Montclaire,"LIQUOR LAW VIOLATION"
485,Montclaire,"MOTOR VEHICLE THEFT"
172,Montclaire,NARCOTICS
1,Montclaire,OBSCENITY
59,Montclaire,"OFFENSE INVOLVING CHILDREN"
539,Montclaire,"OTHER OFFENSE"
1,Montclaire,PROSTITUTION
34,Montclaire,"PUBLIC PEACE VIOLATION"
130,Montclaire,ROBBERY
25,Montclaire,"SEX OFFENSE"
4,Montclaire,STALKING
1291,Montclaire,THEFT
29,Montclaire,"WEAPONS VIOLATION"
22,"Morgan Park",ARSON
1578,"Morgan Park",ASSAULT
3936,"Morgan Park",BATTERY
1393,"Morgan Park",BURGLARY
2,"Morgan Park","CONCEALED CARRY LICENSE VIOLATION"
80,"Morgan Park","CRIM SEXUAL ASSAULT"
2504,"Morgan Park","CRIMINAL DAMAGE"
544,"Morgan Park","CRIMINAL TRESPASS"
1313,"Morgan Park","DECEPTIVE PRACTICE"
22,"Morgan Park",GAMBLING
48,"Morgan Park",HOMICIDE
76,"Morgan Park","INTERFERENCE WITH PUBLIC OFFICER"
14,"Morgan Park",INTIMIDATION
37,"Morgan Park",KIDNAPPING
11,"Morgan Park","LIQUOR LAW VIOLATION"
861,"Morgan Park","MOTOR VEHICLE THEFT"
1472,"Morgan Park",NARCOTICS
1,"Morgan Park",NON-CRIMINAL
4,"Morgan Park",OBSCENITY
266,"Morgan Park","OFFENSE INVOLVING CHILDREN"
1650,"Morgan Park","OTHER OFFENSE"
1,"Morgan Park",PROSTITUTION
2,"Morgan Park","PUBLIC INDECENCY"
204,"Morgan Park","PUBLIC PEACE VIOLATION"
623,"Morgan Park",ROBBERY
71,"Morgan Park","SEX OFFENSE"
9,"Morgan Park",STALKING
5074,"Morgan Park",THEFT
283,"Morgan Park","WEAPONS VIOLATION"
5,"Mount Greenwood",ARSON
394,"Mount Greenwood",ASSAULT
848,"Mount Greenwood",BATTERY
254,"Mount Greenwood",BURGLARY
21,"Mount Greenwood","CRIM SEXUAL ASSAULT"
817,"Mount Greenwood","CRIMINAL DAMAGE"
198,"Mount Greenwood","CRIMINAL TRESPASS"
501,"Mount Greenwood","DECEPTIVE PRACTICE"
1,"Mount Greenwood",GAMBLING
1,"Mount Greenwood",HOMICIDE
10,"Mount Greenwood","INTERFERENCE WITH PUBLIC OFFICER"
7,"Mount Greenwood",INTIMIDATION
40,"Mount Greenwood",KIDNAPPING
23,"Mount Greenwood","LIQUOR LAW VIOLATION"
112,"Mount Greenwood","MOTOR VEHICLE THEFT"
194,"Mount Greenwood",NARCOTICS
1,"Mount Greenwood",OBSCENITY
144,"Mount Greenwood","OFFENSE INVOLVING CHILDREN"
519,"Mount Greenwood","OTHER OFFENSE"
31,"Mount Greenwood","PUBLIC PEACE VIOLATION"
61,"Mount Greenwood",ROBBERY
18,"Mount Greenwood","SEX OFFENSE"
5,"Mount Greenwood",STALKING
1500,"Mount Greenwood",THEFT
16,"Mount Greenwood","WEAPONS VIOLATION"
34,"Near North Side",ARSON
3678,"Near North Side",ASSAULT
12207,"Near North Side",BATTERY
2022,"Near North Side",BURGLARY
9,"Near North Side","CONCEALED CARRY LICENSE VIOLATION"
540,"Near North Side","CRIM SEXUAL ASSAULT"
5641,"Near North Side","CRIMINAL DAMAGE"
4098,"Near North Side","CRIMINAL TRESPASS"
12523,"Near North Side","DECEPTIVE PRACTICE"
35,"Near North Side",GAMBLING
39,"Near North Side",HOMICIDE
213,"Near North Side","INTERFERENCE WITH PUBLIC OFFICER"
52,"Near North Side",INTIMIDATION
34,"Near North Side",KIDNAPPING
285,"Near North Side","LIQUOR LAW VIOLATION"
2177,"Near North Side","MOTOR VEHICLE THEFT"
2429,"Near North Side",NARCOTICS
1,"Near North Side","NON - CRIMINAL"
12,"Near North Side",NON-CRIMINAL
11,"Near North Side",OBSCENITY
221,"Near North Side","OFFENSE INVOLVING CHILDREN"
6,"Near North Side","OTHER NARCOTIC VIOLATION"
3191,"Near North Side","OTHER OFFENSE"
606,"Near North Side",PROSTITUTION
10,"Near North Side","PUBLIC INDECENCY"
601,"Near North Side","PUBLIC PEACE VIOLATION"
2746,"Near North Side",ROBBERY
286,"Near North Side","SEX OFFENSE"
79,"Near North Side",STALKING
47246,"Near North Side",THEFT
321,"Near North Side","WEAPONS VIOLATION"
12,"Near South Side",ARSON
918,"Near South Side",ASSAULT
2470,"Near South Side",BATTERY
519,"Near South Side",BURGLARY
2,"Near South Side","CONCEALED CARRY LICENSE VIOLATION"
77,"Near South Side","CRIM SEXUAL ASSAULT"
1506,"Near South Side","CRIMINAL DAMAGE"
937,"Near South Side","CRIMINAL TRESPASS"
1721,"Near South Side","DECEPTIVE PRACTICE"
1,"Near South Side",GAMBLING
11,"Near South Side",HOMICIDE
33,"Near South Side","INTERFERENCE WITH PUBLIC OFFICER"
5,"Near South Side",INTIMIDATION
10,"Near South Side",KIDNAPPING
21,"Near South Side","LIQUOR LAW VIOLATION"
635,"Near South Side","MOTOR VEHICLE THEFT"
355,"Near South Side",NARCOTICS
3,"Near South Side",NON-CRIMINAL
6,"Near South Side",OBSCENITY
88,"Near South Side","OFFENSE INVOLVING CHILDREN"
2,"Near South Side","OTHER NARCOTIC VIOLATION"
996,"Near South Side","OTHER OFFENSE"
19,"Near South Side",PROSTITUTION
74,"Near South Side","PUBLIC PEACE VIOLATION"
500,"Near South Side",ROBBERY
57,"Near South Side","SEX OFFENSE"
30,"Near South Side",STALKING
6089,"Near South Side",THEFT
53,"Near South Side","WEAPONS VIOLATION"
37,"Near West Side",ARSON
4835,"Near West Side",ASSAULT
11576,"Near West Side",BATTERY
2842,"Near West Side",BURGLARY
9,"Near West Side","CONCEALED CARRY LICENSE VIOLATION"
416,"Near West Side","CRIM SEXUAL ASSAULT"
7703,"Near West Side","CRIMINAL DAMAGE"
2972,"Near West Side","CRIMINAL TRESPASS"
5505,"Near West Side","DECEPTIVE PRACTICE"
75,"Near West Side",GAMBLING
92,"Near West Side",HOMICIDE
6,"Near West Side","HUMAN TRAFFICKING"
137,"Near West Side","INTERFERENCE WITH PUBLIC OFFICER"
54,"Near West Side",INTIMIDATION
27,"Near West Side",KIDNAPPING
97,"Near West Side","LIQUOR LAW VIOLATION"
3885,"Near West Side","MOTOR VEHICLE THEFT"
3272,"Near West Side",NARCOTICS
1,"Near West Side","NON - CRIMINAL"
7,"Near West Side",NON-CRIMINAL
16,"Near West Side",OBSCENITY
580,"Near West Side","OFFENSE INVOLVING CHILDREN"
2,"Near West Side","OTHER NARCOTIC VIOLATION"
4175,"Near West Side","OTHER OFFENSE"
123,"Near West Side",PROSTITUTION
2,"Near West Side","PUBLIC INDECENCY"
579,"Near West Side","PUBLIC PEACE VIOLATION"
3172,"Near West Side",ROBBERY
278,"Near West Side","SEX OFFENSE"
58,"Near West Side",STALKING
30425,"Near West Side",THEFT
402,"Near West Side","WEAPONS VIOLATION"
151,"New City",ARSON
4083,"New City",ASSAULT
11331,"New City",BATTERY
3033,"New City",BURGLARY
1,"New City","CONCEALED CARRY LICENSE VIOLATION"
228,"New City","CRIM SEXUAL ASSAULT"
5674,"New City","CRIMINAL DAMAGE"
1019,"New City","CRIMINAL TRESPASS"
1513,"New City","DECEPTIVE PRACTICE"
101,"New City",GAMBLING
177,"New City",HOMICIDE
356,"New City","INTERFERENCE WITH PUBLIC OFFICER"
35,"New City",INTIMIDATION
37,"New City",KIDNAPPING
105,"New City","LIQUOR LAW VIOLATION"
2408,"New City","MOTOR VEHICLE THEFT"
6181,"New City",NARCOTICS
3,"New City",NON-CRIMINAL
1,"New City","NON-CRIMINAL (SUBJECT SPECIFIED)"
7,"New City",OBSCENITY
484,"New City","OFFENSE INVOLVING CHILDREN"
1,"New City","OTHER NARCOTIC VIOLATION"
3254,"New City","OTHER OFFENSE"
274,"New City",PROSTITUTION
3,"New City","PUBLIC INDECENCY"
578,"New City","PUBLIC PEACE VIOLATION"
1899,"New City",ROBBERY
193,"New City","SEX OFFENSE"
25,"New City",STALKING
9143,"New City",THEFT
1187,"New City","WEAPONS VIOLATION"
22,"North Center",ARSON
580,"North Center",ASSAULT
1416,"North Center",BATTERY
1496,"North Center",BURGLARY
59,"North Center","CRIM SEXUAL ASSAULT"
1888,"North Center","CRIMINAL DAMAGE"
394,"North Center","CRIMINAL TRESPASS"
1138,"North Center","DECEPTIVE PRACTICE"
1,"North Center",GAMBLING
2,"North Center",HOMICIDE
19,"North Center","INTERFERENCE WITH PUBLIC OFFICER"
17,"North Center",INTIMIDATION
10,"North Center",KIDNAPPING
26,"North Center","LIQUOR LAW VIOLATION"
735,"North Center","MOTOR VEHICLE THEFT"
392,"North Center",NARCOTICS
3,"North Center",NON-CRIMINAL
1,"North Center",OBSCENITY
81,"North Center","OFFENSE INVOLVING CHILDREN"
692,"North Center","OTHER OFFENSE"
7,"North Center",PROSTITUTION
1,"North Center","PUBLIC INDECENCY"
75,"North Center","PUBLIC PEACE VIOLATION"
373,"North Center",ROBBERY
59,"North Center","SEX OFFENSE"
17,"North Center",STALKING
5431,"North Center",THEFT
45,"North Center","WEAPONS VIOLATION"
154,"North Lawndale",ARSON
5813,"North Lawndale",ASSAULT
19251,"North Lawndale",BATTERY
3727,"North Lawndale",BURGLARY
17,"North Lawndale","CONCEALED CARRY LICENSE VIOLATION"
420,"North Lawndale","CRIM SEXUAL ASSAULT"
8269,"North Lawndale","CRIMINAL DAMAGE"
1822,"North Lawndale","CRIMINAL TRESPASS"
1983,"North Lawndale","DECEPTIVE PRACTICE"
446,"North Lawndale",GAMBLING
217,"North Lawndale",HOMICIDE
423,"North Lawndale","INTERFERENCE WITH PUBLIC OFFICER"
25,"North Lawndale",INTIMIDATION
32,"North Lawndale",KIDNAPPING
64,"North Lawndale","LIQUOR LAW VIOLATION"
3154,"North Lawndale","MOTOR VEHICLE THEFT"
18856,"North Lawndale",NARCOTICS
2,"North Lawndale","NON - CRIMINAL"
2,"North Lawndale",NON-CRIMINAL
11,"North Lawndale",OBSCENITY
617,"North Lawndale","OFFENSE INVOLVING CHILDREN"
4933,"North Lawndale","OTHER OFFENSE"
191,"North Lawndale",PROSTITUTION
749,"North Lawndale","PUBLIC PEACE VIOLATION"
3838,"North Lawndale",ROBBERY
213,"North Lawndale","SEX OFFENSE"
43,"North Lawndale",STALKING
10538,"North Lawndale",THEFT
1840,"North Lawndale","WEAPONS VIOLATION"
16,"North Park",ARSON
436,"North Park",ASSAULT
1146,"North Park",BATTERY
983,"North Park",BURGLARY
49,"North Park","CRIM SEXUAL ASSAULT"
1152,"North Park","CRIMINAL DAMAGE"
212,"North Park","CRIMINAL TRESPASS"
496,"North Park","DECEPTIVE PRACTICE"
8,"North Park",GAMBLING
6,"North Park",HOMICIDE
10,"North Park","INTERFERENCE WITH PUBLIC OFFICER"
7,"North Park",INTIMIDATION
6,"North Park",KIDNAPPING
25,"North Park","LIQUOR LAW VIOLATION"
471,"North Park","MOTOR VEHICLE THEFT"
333,"North Park",NARCOTICS
2,"North Park",NON-CRIMINAL
2,"North Park",OBSCENITY
79,"North Park","OFFENSE INVOLVING CHILDREN"
562,"North Park","OTHER OFFENSE"
13,"North Park",PROSTITUTION
33,"North Park","PUBLIC PEACE VIOLATION"
244,"North Park",ROBBERY
49,"North Park","SEX OFFENSE"
10,"North Park",STALKING
2733,"North Park",THEFT
58,"North Park","WEAPONS VIOLATION"
15,"Norwood Park",ARSON
737,"Norwood Park",ASSAULT
1777,"Norwood Park",BATTERY
883,"Norwood Park",BURGLARY
49,"Norwood Park","CRIM SEXUAL ASSAULT"
1682,"Norwood Park","CRIMINAL DAMAGE"
369,"Norwood Park","CRIMINAL TRESPASS"
954,"Norwood Park","DECEPTIVE PRACTICE"
4,"Norwood Park",HOMICIDE
1,"Norwood Park","HUMAN TRAFFICKING"
13,"Norwood Park","INTERFERENCE WITH PUBLIC OFFICER"
8,"Norwood Park",INTIMIDATION
31,"Norwood Park",KIDNAPPING
18,"Norwood Park","LIQUOR LAW VIOLATION"
338,"Norwood Park","MOTOR VEHICLE THEFT"
321,"Norwood Park",NARCOTICS
2,"Norwood Park",NON-CRIMINAL
3,"Norwood Park",OBSCENITY
111,"Norwood Park","OFFENSE INVOLVING CHILDREN"
998,"Norwood Park","OTHER OFFENSE"
7,"Norwood Park",PROSTITUTION
67,"Norwood Park","PUBLIC PEACE VIOLATION"
100,"Norwood Park",ROBBERY
76,"Norwood Park","SEX OFFENSE"
10,"Norwood Park",STALKING
3023,"Norwood Park",THEFT
27,"Norwood Park","WEAPONS VIOLATION"
3,O'Hare,ARSON
604,O'Hare,ASSAULT
1552,O'Hare,BATTERY
178,O'Hare,BURGLARY
70,O'Hare,"CONCEALED CARRY LICENSE VIOLATION"
25,O'Hare,"CRIM SEXUAL ASSAULT"
1046,O'Hare,"CRIMINAL DAMAGE"
1231,O'Hare,"CRIMINAL TRESPASS"
1488,O'Hare,"DECEPTIVE PRACTICE"
4,O'Hare,HOMICIDE
19,O'Hare,"INTERFERENCE WITH PUBLIC OFFICER"
2,O'Hare,INTIMIDATION
5,O'Hare,KIDNAPPING
6,O'Hare,"LIQUOR LAW VIOLATION"
616,O'Hare,"MOTOR VEHICLE THEFT"
1297,O'Hare,NARCOTICS
1,O'Hare,"NON - CRIMINAL"
18,O'Hare,NON-CRIMINAL
2,O'Hare,OBSCENITY
41,O'Hare,"OFFENSE INVOLVING CHILDREN"
1,O'Hare,"OTHER NARCOTIC VIOLATION"
3023,O'Hare,"OTHER OFFENSE"
17,O'Hare,PROSTITUTION
163,O'Hare,"PUBLIC PEACE VIOLATION"
72,O'Hare,ROBBERY
45,O'Hare,"SEX OFFENSE"
8,O'Hare,STALKING
4746,O'Hare,THEFT
58,O'Hare,"WEAPONS VIOLATION"
8,Oakland,ARSON
552,Oakland,ASSAULT
1354,Oakland,BATTERY
284,Oakland,BURGLARY
1,Oakland,"CONCEALED CARRY LICENSE VIOLATION"
38,Oakland,"CRIM SEXUAL ASSAULT"
845,Oakland,"CRIMINAL DAMAGE"
278,Oakland,"CRIMINAL TRESPASS"
253,Oakland,"DECEPTIVE PRACTICE"
12,Oakland,GAMBLING
13,Oakland,HOMICIDE
3,Oakland,"INTERFERENCE WITH PUBLIC OFFICER"
3,Oakland,INTIMIDATION
4,Oakland,KIDNAPPING
1,Oakland,"LIQUOR LAW VIOLATION"
306,Oakland,"MOTOR VEHICLE THEFT"
237,Oakland,NARCOTICS
1,Oakland,NON-CRIMINAL
3,Oakland,OBSCENITY
70,Oakland,"OFFENSE INVOLVING CHILDREN"
591,Oakland,"OTHER OFFENSE"
31,Oakland,"PUBLIC PEACE VIOLATION"
220,Oakland,ROBBERY
27,Oakland,"SEX OFFENSE"
5,Oakland,STALKING
1347,Oakland,THEFT
82,Oakland,"WEAPONS VIOLATION"
57,"Portage Park",ARSON
2082,"Portage Park",ASSAULT
5670,"Portage Park",BATTERY
2595,"Portage Park",BURGLARY
3,"Portage Park","CONCEALED CARRY LICENSE VIOLATION"
135,"Portage Park","CRIM SEXUAL ASSAULT"
4575,"Portage Park","CRIMINAL DAMAGE"
746,"Portage Park","CRIMINAL TRESPASS"
1907,"Portage Park","DECEPTIVE PRACTICE"
2,"Portage Park",GAMBLING
19,"Portage Park",HOMICIDE
1,"Portage Park","HUMAN TRAFFICKING"
82,"Portage Park","INTERFERENCE WITH PUBLIC OFFICER"
27,"Portage Park",INTIMIDATION
47,"Portage Park",KIDNAPPING
73,"Portage Park","LIQUOR LAW VIOLATION"
2106,"Portage Park","MOTOR VEHICLE THEFT"
1827,"Portage Park",NARCOTICS
1,"Portage Park","NON - CRIMINAL"
1,"Portage Park",NON-CRIMINAL
11,"Portage Park",OBSCENITY
294,"Portage Park","OFFENSE INVOLVING CHILDREN"
1,"Portage Park","OTHER NARCOTIC VIOLATION"
2667,"Portage Park","OTHER OFFENSE"
24,"Portage Park",PROSTITUTION
1,"Portage Park","PUBLIC INDECENCY"
190,"Portage Park","PUBLIC PEACE VIOLATION"
797,"Portage Park",ROBBERY
144,"Portage Park","SEX OFFENSE"
22,"Portage Park",STALKING
8269,"Portage Park",THEFT
241,"Portage Park","WEAPONS VIOLATION"
13,Pullman,ARSON
1063,Pullman,ASSAULT
2252,Pullman,BATTERY
534,Pullman,BURGLARY
4,Pullman,"CONCEALED CARRY LICENSE VIOLATION"
48,Pullman,"CRIM SEXUAL ASSAULT"
1201,Pullman,"CRIMINAL DAMAGE"
375,Pullman,"CRIMINAL TRESPASS"
531,Pullman,"DECEPTIVE PRACTICE"
9,Pullman,GAMBLING
15,Pullman,HOMICIDE
56,Pullman,"INTERFERENCE WITH PUBLIC OFFICER"
24,Pullman,INTIMIDATION
15,Pullman,KIDNAPPING
2,Pullman,"LIQUOR LAW VIOLATION"
480,Pullman,"MOTOR VEHICLE THEFT"
457,Pullman,NARCOTICS
2,Pullman,"NON - CRIMINAL"
3,Pullman,NON-CRIMINAL
1,Pullman,"NON-CRIMINAL (SUBJECT SPECIFIED)"
2,Pullman,OBSCENITY
152,Pullman,"OFFENSE INVOLVING CHILDREN"
862,Pullman,"OTHER OFFENSE"
2,Pullman,PROSTITUTION
2,Pullman,"PUBLIC INDECENCY"
113,Pullman,"PUBLIC PEACE VIOLATION"
299,Pullman,ROBBERY
33,Pullman,"SEX OFFENSE"
15,Pullman,STALKING
2337,Pullman,THEFT
196,Pullman,"WEAPONS VIOLATION"
18,Riverdale,ARSON
1413,Riverdale,ASSAULT
3745,Riverdale,BATTERY
599,Riverdale,BURGLARY
2,Riverdale,"CONCEALED CARRY LICENSE VIOLATION"
76,Riverdale,"CRIM SEXUAL ASSAULT"
1620,Riverdale,"CRIMINAL DAMAGE"
538,Riverdale,"CRIMINAL TRESPASS"
254,Riverdale,"DECEPTIVE PRACTICE"
10,Riverdale,GAMBLING
42,Riverdale,HOMICIDE
54,Riverdale,"INTERFERENCE WITH PUBLIC OFFICER"
3,Riverdale,INTIMIDATION
7,Riverdale,KIDNAPPING
9,Riverdale,"LIQUOR LAW VIOLATION"
408,Riverdale,"MOTOR VEHICLE THEFT"
666,Riverdale,NARCOTICS
4,Riverdale,OBSCENITY
132,Riverdale,"OFFENSE INVOLVING CHILDREN"
932,Riverdale,"OTHER OFFENSE"
1,Riverdale,"PUBLIC INDECENCY"
87,Riverdale,"PUBLIC PEACE VIOLATION"
428,Riverdale,ROBBERY
52,Riverdale,"SEX OFFENSE"
9,Riverdale,STALKING
1414,Riverdale,THEFT
331,Riverdale,"WEAPONS VIOLATION"
34,"Rogers Park",ARSON
2620,"Rogers Park",ASSAULT
7644,"Rogers Park",BATTERY
1914,"Rogers Park",BURGLARY
230,"Rogers Park","CRIM SEXUAL ASSAULT"
4606,"Rogers Park","CRIMINAL DAMAGE"
1422,"Rogers Park","CRIMINAL TRESPASS"
1859,"Rogers Park","DECEPTIVE PRACTICE"
28,"Rogers Park",GAMBLING
46,"Rogers Park",HOMICIDE
177,"Rogers Park","INTERFERENCE WITH PUBLIC OFFICER"
16,"Rogers Park",INTIMIDATION
16,"Rogers Park",KIDNAPPING
78,"Rogers Park","LIQUOR LAW VIOLATION"
1186,"Rogers Park","MOTOR VEHICLE THEFT"
2638,"Rogers Park",NARCOTICS
2,"Rogers Park",NON-CRIMINAL
10,"Rogers Park",OBSCENITY
248,"Rogers Park","OFFENSE INVOLVING CHILDREN"
1,"Rogers Park","OTHER NARCOTIC VIOLATION"
2667,"Rogers Park","OTHER OFFENSE"
132,"Rogers Park",PROSTITUTION
1,"Rogers Park","PUBLIC INDECENCY"
290,"Rogers Park","PUBLIC PEACE VIOLATION"
1552,"Rogers Park",ROBBERY
228,"Rogers Park","SEX OFFENSE"
26,"Rogers Park",STALKING
8600,"Rogers Park",THEFT
393,"Rogers Park","WEAPONS VIOLATION"
143,Roseland,ARSON
5792,Roseland,ASSAULT
15308,Roseland,BATTERY
5007,Roseland,BURGLARY
13,Roseland,"CONCEALED CARRY LICENSE VIOLATION"
363,Roseland,"CRIM SEXUAL ASSAULT"
8634,Roseland,"CRIMINAL DAMAGE"
1986,Roseland,"CRIMINAL TRESPASS"
2588,Roseland,"DECEPTIVE PRACTICE"
115,Roseland,GAMBLING
195,Roseland,HOMICIDE
3,Roseland,"HUMAN TRAFFICKING"
441,Roseland,"INTERFERENCE WITH PUBLIC OFFICER"
30,Roseland,INTIMIDATION
73,Roseland,KIDNAPPING
25,Roseland,"LIQUOR LAW VIOLATION"
3122,Roseland,"MOTOR VEHICLE THEFT"
6985,Roseland,NARCOTICS
1,Roseland,"NON - CRIMINAL"
7,Roseland,OBSCENITY
579,Roseland,"OFFENSE INVOLVING CHILDREN"
1,Roseland,"OTHER NARCOTIC VIOLATION"
4791,Roseland,"OTHER OFFENSE"
683,Roseland,PROSTITUTION
589,Roseland,"PUBLIC PEACE VIOLATION"
3385,Roseland,ROBBERY
178,Roseland,"SEX OFFENSE"
28,Roseland,STALKING
11346,Roseland,THEFT
1602,Roseland,"WEAPONS VIOLATION"
97,"South Chicago",ARSON
4443,"South Chicago",ASSAULT
11566,"South Chicago",BATTERY
3957,"South Chicago",BURGLARY
2,"South Chicago","CONCEALED CARRY LICENSE VIOLATION"
246,"South Chicago","CRIM SEXUAL ASSAULT"
5957,"South Chicago","CRIMINAL DAMAGE"
1144,"South Chicago","CRIMINAL TRESPASS"
1505,"South Chicago","DECEPTIVE PRACTICE"
56,"South Chicago",GAMBLING
123,"South Chicago",HOMICIDE
2,"South Chicago","HUMAN TRAFFICKING"
286,"South Chicago","INTERFERENCE WITH PUBLIC OFFICER"
35,"South Chicago",INTIMIDATION
51,"South Chicago",KIDNAPPING
47,"South Chicago","LIQUOR LAW VIOLATION"
1817,"South Chicago","MOTOR VEHICLE THEFT"
4296,"South Chicago",NARCOTICS
6,"South Chicago",OBSCENITY
583,"South Chicago","OFFENSE INVOLVING CHILDREN"
1,"South Chicago","OTHER NARCOTIC VIOLATION"
3659,"South Chicago","OTHER OFFENSE"
127,"South Chicago",PROSTITUTION
549,"South Chicago","PUBLIC PEACE VIOLATION"
1980,"South Chicago",ROBBERY
162,"South Chicago","SEX OFFENSE"
26,"South Chicago",STALKING
7327,"South Chicago",THEFT
1032,"South Chicago","WEAPONS VIOLATION"
30,"South Deering",ARSON
1709,"South Deering",ASSAULT
3741,"South Deering",BATTERY
1187,"South Deering",BURGLARY
4,"South Deering","CONCEALED CARRY LICENSE VIOLATION"
91,"South Deering","CRIM SEXUAL ASSAULT"
2418,"South Deering","CRIMINAL DAMAGE"
618,"South Deering","CRIMINAL TRESPASS"
819,"South Deering","DECEPTIVE PRACTICE"
14,"South Deering",GAMBLING
39,"South Deering",HOMICIDE
89,"South Deering","INTERFERENCE WITH PUBLIC OFFICER"
15,"South Deering",INTIMIDATION
14,"South Deering",KIDNAPPING
22,"South Deering","LIQUOR LAW VIOLATION"
819,"South Deering","MOTOR VEHICLE THEFT"
1146,"South Deering",NARCOTICS
1,"South Deering","NON - CRIMINAL"
2,"South Deering",NON-CRIMINAL
1,"South Deering",OBSCENITY
232,"South Deering","OFFENSE INVOLVING CHILDREN"
1383,"South Deering","OTHER OFFENSE"
5,"South Deering",PROSTITUTION
2,"South Deering","PUBLIC INDECENCY"
158,"South Deering","PUBLIC PEACE VIOLATION"
689,"South Deering",ROBBERY
46,"South Deering","SEX OFFENSE"
13,"South Deering",STALKING
4024,"South Deering",THEFT
352,"South Deering","WEAPONS VIOLATION"
126,"South Lawndale",ARSON
3506,"South Lawndale",ASSAULT
9934,"South Lawndale",BATTERY
2198,"South Lawndale",BURGLARY
5,"South Lawndale","CONCEALED CARRY LICENSE VIOLATION"
251,"South Lawndale","CRIM SEXUAL ASSAULT"
5721,"South Lawndale","CRIMINAL DAMAGE"
730,"South Lawndale","CRIMINAL TRESPASS"
1324,"South Lawndale","DECEPTIVE PRACTICE"
14,"South Lawndale",GAMBLING
111,"South Lawndale",HOMICIDE
144,"South Lawndale","INTERFERENCE WITH PUBLIC OFFICER"
78,"South Lawndale",INTIMIDATION
34,"South Lawndale",KIDNAPPING
252,"South Lawndale","LIQUOR LAW VIOLATION"
2956,"South Lawndale","MOTOR VEHICLE THEFT"
3634,"South Lawndale",NARCOTICS
1,"South Lawndale","NON - CRIMINAL"
4,"South Lawndale",NON-CRIMINAL
10,"South Lawndale",OBSCENITY
515,"South Lawndale","OFFENSE INVOLVING CHILDREN"
3305,"South Lawndale","OTHER OFFENSE"
209,"South Lawndale",PROSTITUTION
3,"South Lawndale","PUBLIC INDECENCY"
1297,"South Lawndale","PUBLIC PEACE VIOLATION"
2103,"South Lawndale",ROBBERY
261,"South Lawndale","SEX OFFENSE"
30,"South Lawndale",STALKING
7827,"South Lawndale",THEFT
876,"South Lawndale","WEAPONS VIOLATION"
99,"South Shore",ARSON
6931,"South Shore",ASSAULT
20612,"South Shore",BATTERY
8211,"South Shore",BURGLARY
5,"South Shore","CONCEALED CARRY LICENSE VIOLATION"
478,"South Shore","CRIM SEXUAL ASSAULT"
10421,"South Shore","CRIMINAL DAMAGE"
2127,"South Shore","CRIMINAL TRESPASS"
3371,"South Shore","DECEPTIVE PRACTICE"
126,"South Shore",GAMBLING
197,"South Shore",HOMICIDE
2,"South Shore","HUMAN TRAFFICKING"
380,"South Shore","INTERFERENCE WITH PUBLIC OFFICER"
25,"South Shore",INTIMIDATION
49,"South Shore",KIDNAPPING
33,"South Shore","LIQUOR LAW VIOLATION"
3443,"South Shore","MOTOR VEHICLE THEFT"
6957,"South Shore",NARCOTICS
1,"South Shore","NON - CRIMINAL"
1,"South Shore",NON-CRIMINAL
15,"South Shore",OBSCENITY
774,"South Shore","OFFENSE INVOLVING CHILDREN"
6884,"South Shore","OTHER OFFENSE"
314,"South Shore",PROSTITUTION
582,"South Shore","PUBLIC PEACE VIOLATION"
4184,"South Shore",ROBBERY
239,"South Shore","SEX OFFENSE"
49,"South Shore",STALKING
15039,"South Shore",THEFT
1325,"South Shore","WEAPONS VIOLATION"
25,Uptown,ARSON
2427,Uptown,ASSAULT
6466,Uptown,BATTERY
1550,Uptown,BURGLARY
1,Uptown,"CONCEALED CARRY LICENSE VIOLATION"
270,Uptown,"CRIM SEXUAL ASSAULT"
3367,Uptown,"CRIMINAL DAMAGE"
1288,Uptown,"CRIMINAL TRESPASS"
2757,Uptown,"DECEPTIVE PRACTICE"
15,Uptown,GAMBLING
48,Uptown,HOMICIDE
101,Uptown,"INTERFERENCE WITH PUBLIC OFFICER"
20,Uptown,INTIMIDATION
12,Uptown,KIDNAPPING
43,Uptown,"LIQUOR LAW VIOLATION"
1477,Uptown,"MOTOR VEHICLE THEFT"
3644,Uptown,NARCOTICS
5,Uptown,NON-CRIMINAL
6,Uptown,OBSCENITY
224,Uptown,"OFFENSE INVOLVING CHILDREN"
1,Uptown,"OTHER NARCOTIC VIOLATION"
2240,Uptown,"OTHER OFFENSE"
39,Uptown,PROSTITUTION
2,Uptown,"PUBLIC INDECENCY"
324,Uptown,"PUBLIC PEACE VIOLATION"
1169,Uptown,ROBBERY
197,Uptown,"SEX OFFENSE"
15,Uptown,STALKING
10090,Uptown,THEFT
257,Uptown,"WEAPONS VIOLATION"
33,"Washington Height",ARSON
2348,"Washington Height",ASSAULT
6112,"Washington Height",BATTERY
2252,"Washington Height",BURGLARY
5,"Washington Height","CONCEALED CARRY LICENSE VIOLATION"
165,"Washington Height","CRIM SEXUAL ASSAULT"
3982,"Washington Height","CRIMINAL DAMAGE"
924,"Washington Height","CRIMINAL TRESPASS"
1584,"Washington Height","DECEPTIVE PRACTICE"
56,"Washington Height",GAMBLING
77,"Washington Height",HOMICIDE
1,"Washington Height","HUMAN TRAFFICKING"
141,"Washington Height","INTERFERENCE WITH PUBLIC OFFICER"
8,"Washington Height",INTIMIDATION
50,"Washington Height",KIDNAPPING
10,"Washington Height","LIQUOR LAW VIOLATION"
1595,"Washington Height","MOTOR VEHICLE THEFT"
2513,"Washington Height",NARCOTICS
1,"Washington Height",NON-CRIMINAL
4,"Washington Height",OBSCENITY
332,"Washington Height","OFFENSE INVOLVING CHILDREN"
2521,"Washington Height","OTHER OFFENSE"
8,"Washington Height",PROSTITUTION
248,"Washington Height","PUBLIC PEACE VIOLATION"
1423,"Washington Height",ROBBERY
95,"Washington Height","SEX OFFENSE"
17,"Washington Height",STALKING
6223,"Washington Height",THEFT
552,"Washington Height","WEAPONS VIOLATION"
32,"Washington Park",ARSON
2306,"Washington Park",ASSAULT
6975,"Washington Park",BATTERY
1791,"Washington Park",BURGLARY
130,"Washington Park","CRIM SEXUAL ASSAULT"
3446,"Washington Park","CRIMINAL DAMAGE"
845,"Washington Park","CRIMINAL TRESPASS"
737,"Washington Park","DECEPTIVE PRACTICE"
98,"Washington Park",GAMBLING
77,"Washington Park",HOMICIDE
2,"Washington Park","HUMAN TRAFFICKING"
104,"Washington Park","INTERFERENCE WITH PUBLIC OFFICER"
10,"Washington Park",INTIMIDATION
19,"Washington Park",KIDNAPPING
16,"Washington Park","LIQUOR LAW VIOLATION"
1327,"Washington Park","MOTOR VEHICLE THEFT"
2602,"Washington Park",NARCOTICS
7,"Washington Park",OBSCENITY
228,"Washington Park","OFFENSE INVOLVING CHILDREN"
1826,"Washington Park","OTHER OFFENSE"
220,"Washington Park",PROSTITUTION
1,"Washington Park","PUBLIC INDECENCY"
219,"Washington Park","PUBLIC PEACE VIOLATION"
1447,"Washington Park",ROBBERY
71,"Washington Park","SEX OFFENSE"
13,"Washington Park",STALKING
4391,"Washington Park",THEFT
497,"Washington Park","WEAPONS VIOLATION"
20,"West Elsdon",ARSON
548,"West Elsdon",ASSAULT
1420,"West Elsdon",BATTERY
1125,"West Elsdon",BURGLARY
36,"West Elsdon","CRIM SEXUAL ASSAULT"
1753,"West Elsdon","CRIMINAL DAMAGE"
212,"West Elsdon","CRIMINAL TRESPASS"
595,"West Elsdon","DECEPTIVE PRACTICE"
3,"West Elsdon",GAMBLING
16,"West Elsdon",HOMICIDE
19,"West Elsdon","INTERFERENCE WITH PUBLIC OFFICER"
3,"West Elsdon",INTIMIDATION
10,"West Elsdon",KIDNAPPING
17,"West Elsdon","LIQUOR LAW VIOLATION"
676,"West Elsdon","MOTOR VEHICLE THEFT"
497,"West Elsdon",NARCOTICS
5,"West Elsdon",OBSCENITY
82,"West Elsdon","OFFENSE INVOLVING CHILDREN"
684,"West Elsdon","OTHER OFFENSE"
1,"West Elsdon",PROSTITUTION
1,"West Elsdon","PUBLIC INDECENCY"
116,"West Elsdon","PUBLIC PEACE VIOLATION"
483,"West Elsdon",ROBBERY
56,"West Elsdon","SEX OFFENSE"
11,"West Elsdon",STALKING
2510,"West Elsdon",THEFT
94,"West Elsdon","WEAPONS VIOLATION"
166,"West Englewood",ARSON
5918,"West Englewood",ASSAULT
17851,"West Englewood",BATTERY
5185,"West Englewood",BURGLARY
24,"West Englewood","CONCEALED CARRY LICENSE VIOLATION"
386,"West Englewood","CRIM SEXUAL ASSAULT"
8506,"West Englewood","CRIMINAL DAMAGE"
1945,"West Englewood","CRIMINAL TRESPASS"
2021,"West Englewood","DECEPTIVE PRACTICE"
311,"West Englewood",GAMBLING
229,"West Englewood",HOMICIDE
3,"West Englewood","HUMAN TRAFFICKING"
534,"West Englewood","INTERFERENCE WITH PUBLIC OFFICER"
34,"West Englewood",INTIMIDATION
69,"West Englewood",KIDNAPPING
38,"West Englewood","LIQUOR LAW VIOLATION"
2665,"West Englewood","MOTOR VEHICLE THEFT"
9092,"West Englewood",NARCOTICS
2,"West Englewood",NON-CRIMINAL
8,"West Englewood",OBSCENITY
597,"West Englewood","OFFENSE INVOLVING CHILDREN"
4744,"West Englewood","OTHER OFFENSE"
537,"West Englewood",PROSTITUTION
753,"West Englewood","PUBLIC PEACE VIOLATION"
3339,"West Englewood",ROBBERY
203,"West Englewood","SEX OFFENSE"
30,"West Englewood",STALKING
11451,"West Englewood",THEFT
2142,"West Englewood","WEAPONS VIOLATION"
78,"West Garfield Park",ARSON
3213,"West Garfield Park",ASSAULT
10714,"West Garfield Park",BATTERY
1561,"West Garfield Park",BURGLARY
7,"West Garfield Park","CONCEALED CARRY LICENSE VIOLATION"
254,"West Garfield Park","CRIM SEXUAL ASSAULT"
4297,"West Garfield Park","CRIMINAL DAMAGE"
1070,"West Garfield Park","CRIMINAL TRESPASS"
2239,"West Garfield Park","DECEPTIVE PRACTICE"
178,"West Garfield Park",GAMBLING
174,"West Garfield Park",HOMICIDE
3,"West Garfield Park","HUMAN TRAFFICKING"
474,"West Garfield Park","INTERFERENCE WITH PUBLIC OFFICER"
19,"West Garfield Park",INTIMIDATION
28,"West Garfield Park",KIDNAPPING
62,"West Garfield Park","LIQUOR LAW VIOLATION"
1929,"West Garfield Park","MOTOR VEHICLE THEFT"
15497,"West Garfield Park",NARCOTICS
1,"West Garfield Park","NON - CRIMINAL"
4,"West Garfield Park",OBSCENITY
305,"West Garfield Park","OFFENSE INVOLVING CHILDREN"
1,"West Garfield Park","OTHER NARCOTIC VIOLATION"
2600,"West Garfield Park","OTHER OFFENSE"
1654,"West Garfield Park",PROSTITUTION
2,"West Garfield Park","PUBLIC INDECENCY"
413,"West Garfield Park","PUBLIC PEACE VIOLATION"
2763,"West Garfield Park",ROBBERY
108,"West Garfield Park","SEX OFFENSE"
13,"West Garfield Park",STALKING
6247,"West Garfield Park",THEFT
988,"West Garfield Park","WEAPONS VIOLATION"
51,"West Lawn",ARSON
1020,"West Lawn",ASSAULT
2671,"West Lawn",BATTERY
1761,"West Lawn",BURGLARY
75,"West Lawn","CRIM SEXUAL ASSAULT"
2984,"West Lawn","CRIMINAL DAMAGE"
294,"West Lawn","CRIMINAL TRESPASS"
950,"West Lawn","DECEPTIVE PRACTICE"
15,"West Lawn",HOMICIDE
28,"West Lawn","INTERFERENCE WITH PUBLIC OFFICER"
13,"West Lawn",INTIMIDATION
28,"West Lawn",KIDNAPPING
35,"West Lawn","LIQUOR LAW VIOLATION"
1091,"West Lawn","MOTOR VEHICLE THEFT"
745,"West Lawn",NARCOTICS
1,"West Lawn",NON-CRIMINAL
1,"West Lawn","NON-CRIMINAL (SUBJECT SPECIFIED)"
5,"West Lawn",OBSCENITY
246,"West Lawn","OFFENSE INVOLVING CHILDREN"
1235,"West Lawn","OTHER OFFENSE"
1,"West Lawn",PROSTITUTION
1,"West Lawn","PUBLIC INDECENCY"
115,"West Lawn","PUBLIC PEACE VIOLATION"
761,"West Lawn",ROBBERY
86,"West Lawn","SEX OFFENSE"
14,"West Lawn",STALKING
6105,"West Lawn",THEFT
122,"West Lawn","WEAPONS VIOLATION"
101,"West Pullman",ARSON
3579,"West Pullman",ASSAULT
9227,"West Pullman",BATTERY
3121,"West Pullman",BURGLARY
7,"West Pullman","CONCEALED CARRY LICENSE VIOLATION"
240,"West Pullman","CRIM SEXUAL ASSAULT"
5647,"West Pullman","CRIMINAL DAMAGE"
879,"West Pullman","CRIMINAL TRESPASS"
1403,"West Pullman","DECEPTIVE PRACTICE"
37,"West Pullman",GAMBLING
125,"West Pullman",HOMICIDE
284,"West Pullman","INTERFERENCE WITH PUBLIC OFFICER"
23,"West Pullman",INTIMIDATION
38,"West Pullman",KIDNAPPING
28,"West Pullman","LIQUOR LAW VIOLATION"
1974,"West Pullman","MOTOR VEHICLE THEFT"
3909,"West Pullman",NARCOTICS
2,"West Pullman",OBSCENITY
409,"West Pullman","OFFENSE INVOLVING CHILDREN"
3246,"West Pullman","OTHER OFFENSE"
267,"West Pullman",PROSTITUTION
1,"West Pullman","PUBLIC INDECENCY"
324,"West Pullman","PUBLIC PEACE VIOLATION"
1649,"West Pullman",ROBBERY
115,"West Pullman","SEX OFFENSE"
26,"West Pullman",STALKING
6068,"West Pullman",THEFT
1253,"West Pullman","WEAPONS VIOLATION"
41,"West Ridge",ARSON
2075,"West Ridge",ASSAULT
5807,"West Ridge",BATTERY
2702,"West Ridge",BURGLARY
2,"West Ridge","CONCEALED CARRY LICENSE VIOLATION"
149,"West Ridge","CRIM SEXUAL ASSAULT"
4750,"West Ridge","CRIMINAL DAMAGE"
807,"West Ridge","CRIMINAL TRESPASS"
1915,"West Ridge","DECEPTIVE PRACTICE"
11,"West Ridge",GAMBLING
31,"West Ridge",HOMICIDE
96,"West Ridge","INTERFERENCE WITH PUBLIC OFFICER"
19,"West Ridge",INTIMIDATION
28,"West Ridge",KIDNAPPING
67,"West Ridge","LIQUOR LAW VIOLATION"
1653,"West Ridge","MOTOR VEHICLE THEFT"
1581,"West Ridge",NARCOTICS
1,"West Ridge",NON-CRIMINAL
1,"West Ridge","NON-CRIMINAL (SUBJECT SPECIFIED)"
11,"West Ridge",OBSCENITY
302,"West Ridge","OFFENSE INVOLVING CHILDREN"
2416,"West Ridge","OTHER OFFENSE"
30,"West Ridge",PROSTITUTION
1,"West Ridge","PUBLIC INDECENCY"
209,"West Ridge","PUBLIC PEACE VIOLATION"
1221,"West Ridge",ROBBERY
160,"West Ridge","SEX OFFENSE"
25,"West Ridge",STALKING
8226,"West Ridge",THEFT
254,"West Ridge","WEAPONS VIOLATION"
76,"West Town",ARSON
3926,"West Town",ASSAULT
10253,"West Town",BATTERY
6394,"West Town",BURGLARY
2,"West Town","CONCEALED CARRY LICENSE VIOLATION"
304,"West Town","CRIM SEXUAL ASSAULT"
9567,"West Town","CRIMINAL DAMAGE"
1567,"West Town","CRIMINAL TRESPASS"
3817,"West Town","DECEPTIVE PRACTICE"
11,"West Town",GAMBLING
59,"West Town",HOMICIDE
115,"West Town","INTERFERENCE WITH PUBLIC OFFICER"
35,"West Town",INTIMIDATION
27,"West Town",KIDNAPPING
220,"West Town","LIQUOR LAW VIOLATION"
4352,"West Town","MOTOR VEHICLE THEFT"
2510,"West Town",NARCOTICS
1,"West Town","NON - CRIMINAL"
4,"West Town",NON-CRIMINAL
11,"West Town",OBSCENITY
317,"West Town","OFFENSE INVOLVING CHILDREN"
3023,"West Town","OTHER OFFENSE"
169,"West Town",PROSTITUTION
2,"West Town","PUBLIC INDECENCY"
352,"West Town","PUBLIC PEACE VIOLATION"
3136,"West Town",ROBBERY
261,"West Town","SEX OFFENSE"
53,"West Town",STALKING
28220,"West Town",THEFT
406,"West Town","WEAPONS VIOLATION"
50,Woodlawn,ARSON
3194,Woodlawn,ASSAULT
9029,Woodlawn,BATTERY
2885,Woodlawn,BURGLARY
4,Woodlawn,"CONCEALED CARRY LICENSE VIOLATION"
198,Woodlawn,"CRIM SEXUAL ASSAULT"
4606,Woodlawn,"CRIMINAL DAMAGE"
1378,Woodlawn,"CRIMINAL TRESPASS"
1288,Woodlawn,"DECEPTIVE PRACTICE"
106,Woodlawn,GAMBLING
100,Woodlawn,HOMICIDE
1,Woodlawn,"HUMAN TRAFFICKING"
240,Woodlawn,"INTERFERENCE WITH PUBLIC OFFICER"
28,Woodlawn,INTIMIDATION
42,Woodlawn,KIDNAPPING
27,Woodlawn,"LIQUOR LAW VIOLATION"
1311,Woodlawn,"MOTOR VEHICLE THEFT"
4284,Woodlawn,NARCOTICS
1,Woodlawn,NON-CRIMINAL
5,Woodlawn,OBSCENITY
410,Woodlawn,"OFFENSE INVOLVING CHILDREN"
3210,Woodlawn,"OTHER OFFENSE"
171,Woodlawn,PROSTITUTION
525,Woodlawn,"PUBLIC PEACE VIOLATION"
1819,Woodlawn,ROBBERY
152,Woodlawn,"SEX OFFENSE"
25,Woodlawn,STALKING
6291,Woodlawn,THEFT
780,Woodlawn,"WEAPONS VIOLATION"
